,Tの数
0,5.0
1,2.0
2,4.0
3,4.0
4,4.0
5,4.0
6,2.0
7,4.0
8,4.0
9,2.0
10,2.0
11,0.0
12,3.0
13,3.0
14,4.0
15,3.0
16,1.0
17,2.0
18,2.0
19,3.0
20,5.0
21,3.0
22,4.0
23,2.0
24,4.0
25,3.0
26,3.0
27,3.0
28,3.0
29,2.0
30,3.0
31,5.0
32,4.0
33,4.0
34,3.0
35,1.0
36,3.0
37,3.0
38,2.0
39,2.0
40,3.0
41,2.0
42,1.0
43,4.0
44,4.0
45,4.0
46,2.0
47,4.0
48,1.0
49,5.0
50,4.0
51,4.0
52,2.0
53,3.0
54,5.0
55,4.0
56,4.0
57,1.0
58,1.0
59,4.0
60,3.0
61,3.0
62,4.0
63,3.0
64,3.0
65,3.0
66,2.0
67,3.0
68,3.0
69,3.0
70,1.0
71,2.0
72,3.0
73,3.0
74,2.0
75,3.0
76,3.0
77,4.0
78,3.0
79,3.0
80,3.0
81,3.0
82,3.0
83,3.0
84,0.0
85,2.0
86,3.0
87,3.0
88,2.0
89,3.0
90,2.0
91,2.0
92,3.0
93,5.0
94,4.0
95,2.0
96,3.0
97,2.0
98,3.0
99,3.0
100,1.0
101,4.0
102,2.0
103,3.0
104,3.0
105,1.0
106,3.0
107,1.0
108,2.0
109,3.0
110,3.0
111,4.0
112,3.0
113,3.0
114,2.0
115,4.0
116,4.0
117,2.0
118,3.0
119,2.0
120,0.0
121,3.0
122,3.0
123,1.0
124,2.0
125,4.0
126,5.0
127,3.0
128,1.0
129,3.0
130,3.0
131,3.0
132,1.0
133,3.0
134,5.0
135,3.0
136,2.0
137,5.0
138,3.0
139,2.0
140,3.0
141,2.0
142,3.0
143,1.0
144,4.0
145,3.0
146,4.0
147,4.0
148,3.0
149,4.0
150,4.0
151,4.0
152,3.0
153,3.0
154,3.0
155,3.0
156,2.0
157,2.0
158,4.0
159,4.0
160,5.0
161,3.0
162,2.0
163,3.0
164,3.0
165,3.0
166,4.0
167,4.0
168,3.0
169,3.0
170,2.0
171,3.0
172,0.0
173,1.0
174,3.0
175,2.0
176,1.0
177,4.0
178,3.0
179,3.0
180,5.0
181,5.0
182,3.0
183,4.0
184,3.0
185,3.0
186,3.0
187,3.0
188,3.0
189,3.0
190,4.0
191,2.0
192,4.0
193,3.0
194,2.0
195,3.0
196,3.0
197,4.0
198,0.0
199,3.0
200,3.0
201,4.0
202,3.0
203,4.0
204,4.0
205,3.0
206,1.0
207,3.0
208,4.0
209,3.0
210,3.0
211,2.0
212,4.0
213,3.0
214,5.0
215,2.0
216,3.0
217,3.0
218,4.0
219,4.0
220,5.0
221,3.0
222,2.0
223,5.0
224,1.0
225,4.0
226,2.0
227,4.0
228,4.0
229,4.0
230,2.0
231,3.0
232,3.0
233,3.0
234,2.0
235,4.0
236,3.0
237,5.0
238,3.0
239,3.0
240,4.0
241,4.0
242,3.0
243,2.0
244,1.0
245,3.0
246,4.0
247,0.0
248,3.0
249,5.0
250,5.0
251,4.0
252,4.0
253,5.0
254,3.0
255,4.0
256,3.0
257,3.0
258,3.0
259,2.0
260,3.0
261,4.0
262,2.0
263,4.0
264,5.0
265,2.0
266,2.0
267,3.0
268,2.0
269,2.0
270,2.0
271,4.0
272,4.0
273,4.0
274,5.0
275,4.0
276,4.0
277,2.0
278,2.0
279,2.0
280,5.0
281,2.0
282,4.0
283,3.0
284,3.0
285,2.0
286,2.0
287,1.0
288,2.0
289,4.0
290,4.0
291,3.0
292,2.0
293,3.0
294,3.0
295,2.0
296,4.0
297,2.0
298,3.0
299,3.0
300,2.0
301,1.0
302,3.0
303,3.0
304,4.0
305,3.0
306,4.0
307,4.0
308,2.0
309,1.0
310,4.0
311,2.0
312,3.0
313,2.0
314,3.0
315,2.0
316,2.0
317,5.0
318,5.0
319,4.0
320,2.0
321,3.0
322,3.0
323,3.0
324,4.0
325,5.0
326,3.0
327,3.0
328,2.0
329,4.0
330,4.0
331,4.0
332,3.0
333,4.0
334,5.0
335,4.0
336,3.0
337,1.0
338,3.0
339,4.0
340,3.0
341,3.0
342,2.0
343,0.0
344,5.0
345,4.0
346,5.0
347,2.0
348,4.0
349,2.0
350,2.0
351,3.0
352,4.0
353,4.0
354,0.0
355,5.0
356,5.0
357,2.0
358,3.0
359,3.0
360,3.0
361,3.0
362,5.0
363,3.0
364,2.0
365,3.0
366,5.0
367,2.0
368,3.0
369,1.0
370,3.0
371,2.0
372,3.0
373,3.0
374,2.0
375,2.0
376,5.0
377,1.0
378,1.0
379,1.0
380,3.0
381,3.0
382,1.0
383,3.0
384,4.0
385,4.0
386,3.0
387,2.0
388,5.0
389,1.0
390,2.0
391,3.0
392,2.0
393,1.0
394,4.0
395,2.0
396,2.0
397,3.0
398,2.0
399,3.0
400,2.0
401,3.0
402,3.0
403,3.0
404,3.0
405,4.0
406,5.0
407,3.0
408,2.0
409,2.0
410,2.0
411,4.0
412,4.0
413,3.0
414,2.0
415,2.0
416,3.0
417,2.0
418,3.0
419,4.0
420,2.0
421,4.0
422,3.0
423,2.0
424,3.0
425,4.0
426,1.0
427,4.0
428,3.0
429,0.0
430,4.0
431,3.0
432,3.0
433,4.0
434,3.0
435,3.0
436,2.0
437,4.0
438,2.0
439,2.0
440,3.0
441,3.0
442,3.0
443,3.0
444,4.0
445,3.0
446,3.0
447,3.0
448,2.0
449,3.0
450,1.0
451,5.0
452,3.0
453,2.0
454,2.0
455,2.0
456,2.0
457,4.0
458,3.0
459,2.0
460,4.0
461,5.0
462,5.0
463,3.0
464,1.0
465,2.0
466,2.0
467,2.0
468,2.0
469,2.0
470,4.0
471,2.0
472,3.0
473,5.0
474,3.0
475,4.0
476,1.0
477,3.0
478,3.0
479,3.0
480,4.0
481,4.0
482,3.0
483,3.0
484,2.0
485,2.0
486,3.0
487,3.0
488,5.0
489,3.0
490,3.0
491,4.0
492,5.0
493,1.0
494,5.0
495,2.0
496,3.0
497,3.0
498,2.0
499,4.0
500,2.0
501,1.0
502,3.0
503,1.0
504,3.0
505,2.0
506,1.0
507,4.0
508,4.0
509,4.0
510,3.0
511,1.0
512,3.0
513,2.0
514,3.0
515,5.0
516,1.0
517,2.0
518,3.0
519,3.0
520,3.0
521,2.0
522,5.0
523,4.0
524,2.0
525,3.0
526,3.0
527,3.0
528,3.0
529,4.0
530,2.0
531,2.0
532,3.0
533,3.0
534,5.0
535,2.0
536,3.0
537,4.0
538,4.0
539,4.0
540,4.0
541,3.0
542,2.0
543,3.0
544,2.0
545,3.0
546,4.0
547,3.0
548,2.0
549,2.0
550,3.0
551,3.0
552,4.0
553,3.0
554,3.0
555,5.0
556,1.0
557,3.0
558,3.0
559,4.0
560,2.0
561,2.0
562,3.0
563,4.0
564,3.0
565,2.0
566,2.0
567,3.0
568,2.0
569,4.0
570,3.0
571,3.0
572,4.0
573,3.0
574,4.0
575,4.0
576,3.0
577,1.0
578,3.0
579,2.0
580,4.0
581,4.0
582,3.0
583,4.0
584,3.0
585,4.0
586,5.0
587,3.0
588,3.0
589,3.0
590,3.0
591,4.0
592,2.0
593,4.0
594,1.0
595,3.0
596,2.0
597,1.0
598,2.0
599,3.0
600,3.0
601,4.0
602,3.0
603,3.0
604,3.0
605,4.0
606,3.0
607,3.0
608,3.0
609,1.0
610,2.0
611,3.0
612,5.0
613,3.0
614,5.0
615,2.0
616,2.0
617,4.0
618,4.0
619,5.0
620,1.0
621,4.0
622,2.0
623,2.0
624,3.0
625,3.0
626,5.0
627,4.0
628,3.0
629,3.0
630,5.0
631,2.0
632,1.0
633,3.0
634,5.0
635,4.0
636,2.0
637,4.0
638,3.0
639,2.0
640,3.0
641,4.0
642,3.0
643,5.0
644,3.0
645,3.0
646,4.0
647,3.0
648,3.0
649,3.0
650,1.0
651,4.0
652,2.0
653,2.0
654,4.0
655,3.0
656,4.0
657,2.0
658,2.0
659,4.0
660,3.0
661,3.0
662,3.0
663,2.0
664,4.0
665,3.0
666,2.0
667,3.0
668,3.0
669,1.0
670,2.0
671,4.0
672,3.0
673,1.0
674,3.0
675,4.0
676,1.0
677,4.0
678,2.0
679,3.0
680,2.0
681,2.0
682,5.0
683,1.0
684,4.0
685,4.0
686,2.0
687,4.0
688,3.0
689,2.0
690,2.0
691,3.0
692,3.0
693,4.0
694,4.0
695,3.0
696,1.0
697,3.0
698,2.0
699,5.0
700,2.0
701,2.0
702,5.0
703,3.0
704,4.0
705,3.0
706,3.0
707,2.0
708,3.0
709,3.0
710,3.0
711,4.0
712,4.0
713,4.0
714,3.0
715,3.0
716,3.0
717,2.0
718,3.0
719,3.0
720,3.0
721,3.0
722,4.0
723,5.0
724,4.0
725,2.0
726,4.0
727,4.0
728,2.0
729,3.0
730,4.0
731,3.0
732,3.0
733,2.0
734,2.0
735,4.0
736,4.0
737,4.0
738,1.0
739,2.0
740,3.0
741,2.0
742,1.0
743,3.0
744,4.0
745,3.0
746,3.0
747,3.0
748,2.0
749,3.0
750,2.0
751,2.0
752,2.0
753,1.0
754,5.0
755,4.0
756,3.0
757,3.0
758,4.0
759,2.0
760,5.0
761,3.0
762,0.0
763,5.0
764,4.0
765,3.0
766,2.0
767,2.0
768,3.0
769,4.0
770,3.0
771,3.0
772,2.0
773,3.0
774,1.0
775,1.0
776,3.0
777,5.0
778,2.0
779,5.0
780,3.0
781,4.0
782,5.0
783,3.0
784,3.0
785,5.0
786,4.0
787,2.0
788,4.0
789,3.0
790,3.0
791,3.0
792,4.0
793,3.0
794,4.0
795,4.0
796,4.0
797,2.0
798,4.0
799,4.0
800,3.0
801,4.0
802,3.0
803,1.0
804,4.0
805,3.0
806,3.0
807,3.0
808,2.0
809,3.0
810,4.0
811,4.0
812,3.0
813,3.0
814,2.0
815,1.0
816,2.0
817,3.0
818,2.0
819,4.0
820,2.0
821,3.0
822,2.0
823,5.0
824,1.0
825,4.0
826,2.0
827,3.0
828,4.0
829,3.0
830,3.0
831,3.0
832,4.0
833,3.0
834,5.0
835,5.0
836,2.0
837,2.0
838,3.0
839,4.0
840,4.0
841,3.0
842,1.0
843,4.0
844,2.0
845,4.0
846,2.0
847,3.0
848,4.0
849,3.0
850,5.0
851,3.0
852,3.0
853,3.0
854,3.0
855,4.0
856,3.0
857,3.0
858,4.0
859,2.0
860,3.0
861,1.0
862,4.0
863,3.0
864,4.0
865,3.0
866,3.0
867,4.0
868,1.0
869,2.0
870,4.0
871,4.0
872,3.0
873,3.0
874,4.0
875,4.0
876,3.0
877,5.0
878,3.0
879,4.0
880,3.0
881,3.0
882,4.0
883,3.0
884,4.0
885,4.0
886,4.0
887,2.0
888,3.0
889,4.0
890,3.0
891,4.0
892,3.0
893,3.0
894,5.0
895,3.0
896,3.0
897,4.0
898,4.0
899,4.0
900,3.0
901,2.0
902,4.0
903,1.0
904,4.0
905,3.0
906,4.0
907,3.0
908,1.0
909,2.0
910,3.0
911,3.0
912,4.0
913,3.0
914,4.0
915,1.0
916,5.0
917,3.0
918,4.0
919,3.0
920,1.0
921,2.0
922,2.0
923,3.0
924,5.0
925,4.0
926,5.0
927,2.0
928,2.0
929,1.0
930,3.0
931,2.0
932,3.0
933,3.0
934,1.0
935,3.0
936,2.0
937,2.0
938,4.0
939,2.0
940,5.0
941,3.0
942,2.0
943,4.0
944,4.0
945,4.0
946,4.0
947,5.0
948,4.0
949,3.0
950,4.0
951,3.0
952,4.0
953,4.0
954,2.0
955,2.0
956,4.0
957,3.0
958,4.0
959,3.0
960,2.0
961,1.0
962,5.0
963,3.0
964,2.0
965,2.0
966,4.0
967,3.0
968,4.0
969,2.0
970,3.0
971,4.0
972,2.0
973,3.0
974,5.0
975,4.0
976,3.0
977,2.0
978,2.0
979,3.0
980,5.0
981,4.0
982,3.0
983,3.0
984,3.0
985,2.0
986,4.0
987,3.0
988,2.0
989,2.0
990,3.0
991,2.0
992,3.0
993,2.0
994,4.0
995,2.0
996,4.0
997,5.0
998,3.0
999,2.0
1000,5.0
1001,2.0
1002,3.0
1003,4.0
1004,5.0
1005,2.0
1006,3.0
1007,4.0
1008,3.0
1009,4.0
1010,3.0
1011,3.0
1012,4.0
1013,4.0
1014,2.0
1015,2.0
1016,4.0
1017,2.0
1018,4.0
1019,2.0
1020,2.0
1021,3.0
1022,3.0
1023,3.0
1024,5.0
1025,2.0
1026,3.0
1027,5.0
1028,2.0
1029,1.0
1030,4.0
1031,3.0
1032,2.0
1033,2.0
1034,3.0
1035,2.0
1036,4.0
1037,4.0
1038,1.0
1039,4.0
1040,4.0
1041,2.0
1042,2.0
1043,2.0
1044,3.0
1045,4.0
1046,3.0
1047,2.0
1048,4.0
1049,3.0
1050,2.0
1051,4.0
1052,2.0
1053,2.0
1054,0.0
1055,2.0
1056,4.0
1057,2.0
1058,4.0
1059,4.0
1060,2.0
1061,3.0
1062,3.0
1063,2.0
1064,4.0
1065,3.0
1066,4.0
1067,1.0
1068,4.0
1069,1.0
1070,4.0
1071,2.0
1072,1.0
1073,2.0
1074,3.0
1075,3.0
1076,3.0
1077,3.0
1078,3.0
1079,1.0
1080,2.0
1081,4.0
1082,3.0
1083,2.0
1084,2.0
1085,3.0
1086,4.0
1087,3.0
1088,4.0
1089,4.0
1090,1.0
1091,3.0
1092,4.0
1093,2.0
1094,3.0
1095,1.0
1096,2.0
1097,3.0
1098,4.0
1099,5.0
1100,3.0
1101,3.0
1102,3.0
1103,2.0
1104,4.0
1105,2.0
1106,4.0
1107,4.0
1108,2.0
1109,3.0
1110,4.0
1111,1.0
1112,3.0
1113,3.0
1114,2.0
1115,2.0
1116,2.0
1117,3.0
1118,2.0
1119,3.0
1120,4.0
1121,0.0
1122,4.0
1123,1.0
1124,3.0
1125,3.0
1126,3.0
1127,4.0
1128,3.0
1129,4.0
1130,4.0
1131,4.0
1132,4.0
1133,3.0
1134,4.0
1135,3.0
1136,2.0
1137,3.0
1138,2.0
1139,4.0
1140,4.0
1141,3.0
1142,3.0
1143,2.0
1144,3.0
1145,4.0
1146,3.0
1147,2.0
1148,4.0
1149,3.0
1150,3.0
1151,3.0
1152,2.0
1153,4.0
1154,4.0
1155,3.0
1156,4.0
1157,2.0
1158,5.0
1159,4.0
1160,2.0
1161,2.0
1162,3.0
1163,3.0
1164,3.0
1165,5.0
1166,4.0
1167,2.0
1168,2.0
1169,3.0
1170,2.0
1171,4.0
1172,3.0
1173,2.0
1174,4.0
1175,3.0
1176,2.0
1177,2.0
1178,4.0
1179,2.0
1180,3.0
1181,4.0
1182,3.0
1183,4.0
1184,2.0
1185,1.0
1186,4.0
1187,4.0
1188,5.0
1189,4.0
1190,2.0
1191,3.0
1192,3.0
1193,2.0
1194,1.0
1195,1.0
1196,4.0
1197,3.0
1198,3.0
1199,4.0
1200,2.0
1201,3.0
1202,4.0
1203,2.0
1204,4.0
1205,3.0
1206,3.0
1207,3.0
1208,2.0
1209,3.0
1210,3.0
1211,4.0
1212,4.0
1213,2.0
1214,5.0
1215,2.0
1216,2.0
1217,2.0
1218,4.0
1219,3.0
1220,3.0
1221,2.0
1222,4.0
1223,3.0
1224,5.0
1225,2.0
1226,1.0
1227,4.0
1228,3.0
1229,4.0
1230,2.0
1231,4.0
1232,3.0
1233,4.0
1234,3.0
1235,2.0
1236,4.0
1237,5.0
1238,2.0
1239,1.0
1240,2.0
1241,3.0
1242,3.0
1243,4.0
1244,4.0
1245,3.0
1246,3.0
1247,1.0
1248,3.0
1249,3.0
1250,2.0
1251,5.0
1252,2.0
1253,4.0
1254,0.0
1255,2.0
1256,3.0
1257,3.0
1258,2.0
1259,3.0
1260,2.0
1261,3.0
1262,4.0
1263,4.0
1264,3.0
1265,3.0
1266,3.0
1267,4.0
1268,2.0
1269,3.0
1270,3.0
1271,5.0
1272,4.0
1273,3.0
1274,3.0
1275,4.0
1276,2.0
1277,5.0
1278,3.0
1279,4.0
1280,3.0
1281,3.0
1282,3.0
1283,3.0
1284,2.0
1285,3.0
1286,3.0
1287,5.0
1288,2.0
1289,4.0
1290,2.0
1291,2.0
1292,2.0
1293,4.0
1294,4.0
1295,4.0
1296,3.0
1297,3.0
1298,1.0
1299,2.0
1300,1.0
1301,3.0
1302,5.0
1303,2.0
1304,4.0
1305,4.0
1306,2.0
1307,3.0
1308,3.0
1309,2.0
1310,3.0
1311,4.0
1312,5.0
1313,4.0
1314,5.0
1315,4.0
1316,2.0
1317,4.0
1318,1.0
1319,4.0
1320,1.0
1321,4.0
1322,4.0
1323,4.0
1324,3.0
1325,1.0
1326,2.0
1327,5.0
1328,2.0
1329,2.0
1330,3.0
1331,2.0
1332,2.0
1333,2.0
1334,4.0
1335,4.0
1336,3.0
1337,0.0
1338,2.0
1339,4.0
1340,3.0
1341,4.0
1342,5.0
1343,4.0
1344,2.0
1345,4.0
1346,2.0
1347,4.0
1348,3.0
1349,3.0
1350,4.0
1351,2.0
1352,3.0
1353,5.0
1354,3.0
1355,4.0
1356,3.0
1357,4.0
1358,3.0
1359,2.0
1360,3.0
1361,4.0
1362,3.0
1363,4.0
1364,2.0
1365,2.0
1366,4.0
1367,2.0
1368,3.0
1369,3.0
1370,3.0
1371,2.0
1372,3.0
1373,5.0
1374,4.0
1375,3.0
1376,2.0
1377,4.0
1378,3.0
1379,3.0
1380,0.0
1381,3.0
1382,2.0
1383,4.0
1384,2.0
1385,2.0
1386,3.0
1387,4.0
1388,2.0
1389,3.0
1390,3.0
1391,1.0
1392,3.0
1393,3.0
1394,2.0
1395,2.0
1396,3.0
1397,3.0
1398,2.0
1399,2.0
1400,2.0
1401,3.0
1402,2.0
1403,4.0
1404,3.0
1405,5.0
1406,2.0
1407,2.0
1408,4.0
1409,4.0
1410,2.0
1411,3.0
1412,4.0
1413,4.0
1414,3.0
1415,2.0
1416,3.0
1417,1.0
1418,2.0
1419,5.0
1420,1.0
1421,1.0
1422,3.0
1423,2.0
1424,3.0
1425,1.0
1426,4.0
1427,5.0
1428,4.0
1429,3.0
1430,5.0
1431,3.0
1432,3.0
1433,4.0
1434,1.0
1435,5.0
1436,1.0
1437,3.0
1438,4.0
1439,3.0
1440,4.0
1441,3.0
1442,2.0
1443,3.0
1444,3.0
1445,3.0
1446,2.0
1447,3.0
1448,4.0
1449,2.0
1450,4.0
1451,3.0
1452,4.0
1453,5.0
1454,1.0
1455,5.0
1456,2.0
1457,2.0
1458,2.0
1459,4.0
1460,3.0
1461,4.0
1462,4.0
1463,2.0
1464,2.0
1465,4.0
1466,3.0
1467,2.0
1468,4.0
1469,4.0
1470,4.0
1471,3.0
1472,5.0
1473,3.0
1474,3.0
1475,4.0
1476,4.0
1477,4.0
1478,5.0
1479,3.0
1480,4.0
1481,4.0
1482,3.0
1483,4.0
1484,4.0
1485,4.0
1486,3.0
1487,3.0
1488,1.0
1489,4.0
1490,3.0
1491,1.0
1492,5.0
1493,3.0
1494,3.0
1495,4.0
1496,0.0
1497,4.0
1498,5.0
1499,3.0
1500,4.0
1501,3.0
1502,4.0
1503,3.0
1504,1.0
1505,4.0
1506,1.0
1507,3.0
1508,4.0
1509,4.0
1510,4.0
1511,4.0
1512,3.0
1513,3.0
1514,3.0
1515,2.0
1516,1.0
1517,5.0
1518,3.0
1519,3.0
1520,3.0
1521,3.0
1522,5.0
1523,3.0
1524,5.0
1525,2.0
1526,2.0
1527,3.0
1528,4.0
1529,3.0
1530,4.0
1531,3.0
1532,3.0
1533,4.0
1534,3.0
1535,3.0
1536,2.0
1537,2.0
1538,4.0
1539,3.0
1540,4.0
1541,4.0
1542,4.0
1543,3.0
1544,2.0
1545,4.0
1546,4.0
1547,3.0
1548,3.0
1549,4.0
1550,2.0
1551,2.0
1552,3.0
1553,4.0
1554,4.0
1555,2.0
1556,5.0
1557,0.0
1558,4.0
1559,3.0
1560,2.0
1561,4.0
1562,4.0
1563,4.0
1564,1.0
1565,2.0
1566,3.0
1567,3.0
1568,3.0
1569,2.0
1570,3.0
1571,2.0
1572,2.0
1573,1.0
1574,0.0
1575,2.0
1576,4.0
1577,3.0
1578,3.0
1579,3.0
1580,4.0
1581,2.0
1582,2.0
1583,4.0
1584,3.0
1585,2.0
1586,3.0
1587,2.0
1588,1.0
1589,2.0
1590,4.0
1591,3.0
1592,4.0
1593,3.0
1594,3.0
1595,2.0
1596,3.0
1597,1.0
1598,2.0
1599,3.0
1600,3.0
1601,4.0
1602,5.0
1603,4.0
1604,3.0
1605,4.0
1606,4.0
1607,2.0
1608,1.0
1609,4.0
1610,2.0
1611,4.0
1612,3.0
1613,2.0
1614,2.0
1615,3.0
1616,1.0
1617,4.0
1618,4.0
1619,3.0
1620,4.0
1621,4.0
1622,3.0
1623,2.0
1624,3.0
1625,3.0
1626,2.0
1627,3.0
1628,4.0
1629,5.0
1630,2.0
1631,2.0
1632,4.0
1633,5.0
1634,2.0
1635,4.0
1636,4.0
1637,2.0
1638,2.0
1639,5.0
1640,2.0
1641,3.0
1642,4.0
1643,5.0
1644,3.0
1645,2.0
1646,4.0
1647,2.0
1648,4.0
1649,3.0
1650,2.0
1651,1.0
1652,2.0
1653,3.0
1654,5.0
1655,3.0
1656,3.0
1657,4.0
1658,4.0
1659,1.0
1660,4.0
1661,4.0
1662,4.0
1663,2.0
1664,1.0
1665,4.0
1666,3.0
1667,2.0
1668,3.0
1669,3.0
1670,4.0
1671,3.0
1672,2.0
1673,4.0
1674,1.0
1675,2.0
1676,3.0
1677,4.0
1678,4.0
1679,4.0
1680,3.0
1681,2.0
1682,3.0
1683,4.0
1684,3.0
1685,4.0
1686,5.0
1687,5.0
1688,3.0
1689,2.0
1690,2.0
1691,3.0
1692,2.0
1693,3.0
1694,1.0
1695,3.0
1696,4.0
1697,4.0
1698,3.0
1699,4.0
1700,1.0
1701,1.0
1702,4.0
1703,3.0
1704,4.0
1705,3.0
1706,4.0
1707,3.0
1708,4.0
1709,3.0
1710,3.0
1711,3.0
1712,4.0
1713,1.0
1714,3.0
1715,3.0
1716,3.0
1717,3.0
1718,4.0
1719,4.0
1720,1.0
1721,4.0
1722,3.0
1723,3.0
1724,2.0
1725,3.0
1726,4.0
1727,2.0
1728,5.0
1729,2.0
1730,3.0
1731,3.0
1732,3.0
1733,3.0
1734,2.0
1735,1.0
1736,4.0
1737,4.0
1738,3.0
1739,3.0
1740,4.0
1741,2.0
1742,2.0
1743,4.0
1744,4.0
1745,1.0
1746,4.0
1747,2.0
1748,4.0
1749,1.0
1750,3.0
1751,1.0
1752,5.0
1753,1.0
1754,3.0
1755,2.0
1756,4.0
1757,4.0
1758,2.0
1759,2.0
1760,4.0
1761,1.0
1762,3.0
1763,3.0
1764,3.0
1765,2.0
1766,5.0
1767,1.0
1768,3.0
1769,4.0
1770,4.0
1771,2.0
1772,2.0
1773,2.0
1774,3.0
1775,1.0
1776,3.0
1777,2.0
1778,2.0
1779,2.0
1780,2.0
1781,1.0
1782,2.0
1783,4.0
1784,4.0
1785,3.0
1786,5.0
1787,2.0
1788,3.0
1789,2.0
1790,4.0
1791,3.0
1792,3.0
1793,3.0
1794,3.0
1795,3.0
1796,3.0
1797,2.0
1798,4.0
1799,1.0
1800,2.0
1801,4.0
1802,4.0
1803,2.0
1804,3.0
1805,4.0
1806,4.0
1807,2.0
1808,4.0
1809,3.0
1810,5.0
1811,2.0
1812,4.0
1813,4.0
1814,4.0
1815,4.0
1816,2.0
1817,4.0
1818,2.0
1819,4.0
1820,4.0
1821,4.0
1822,4.0
1823,2.0
1824,2.0
1825,4.0
1826,2.0
1827,4.0
1828,4.0
1829,4.0
1830,4.0
1831,2.0
1832,3.0
1833,2.0
1834,3.0
1835,3.0
1836,2.0
1837,2.0
1838,4.0
1839,1.0
1840,3.0
1841,5.0
1842,3.0
1843,4.0
1844,3.0
1845,4.0
1846,5.0
1847,5.0
1848,2.0
1849,4.0
1850,3.0
1851,3.0
1852,2.0
1853,4.0
1854,4.0
1855,3.0
1856,3.0
1857,4.0
1858,3.0
1859,3.0
1860,4.0
1861,3.0
1862,4.0
1863,2.0
1864,2.0
1865,4.0
1866,2.0
1867,2.0
1868,5.0
1869,4.0
1870,1.0
1871,2.0
1872,2.0
1873,2.0
1874,2.0
1875,3.0
1876,3.0
1877,3.0
1878,4.0
1879,4.0
1880,0.0
1881,4.0
1882,2.0
1883,1.0
1884,1.0
1885,3.0
1886,3.0
1887,4.0
1888,4.0
1889,3.0
1890,2.0
1891,2.0
1892,1.0
1893,5.0
1894,2.0
1895,3.0
1896,4.0
1897,3.0
1898,3.0
1899,3.0
1900,3.0
1901,3.0
1902,4.0
1903,4.0
1904,3.0
1905,2.0
1906,4.0
1907,5.0
1908,3.0
1909,2.0
1910,2.0
1911,2.0
1912,4.0
1913,4.0
1914,2.0
1915,2.0
1916,4.0
1917,1.0
1918,2.0
1919,4.0
1920,5.0
1921,4.0
1922,2.0
1923,4.0
1924,4.0
1925,2.0
1926,3.0
1927,3.0
1928,2.0
1929,2.0
1930,0.0
1931,3.0
1932,3.0
1933,4.0
1934,4.0
1935,3.0
1936,4.0
1937,4.0
1938,5.0
1939,2.0
1940,3.0
1941,5.0
1942,5.0
1943,4.0
1944,3.0
1945,1.0
1946,3.0
1947,2.0
1948,3.0
1949,4.0
1950,1.0
1951,3.0
1952,3.0
1953,1.0
1954,1.0
1955,4.0
1956,1.0
1957,3.0
1958,4.0
1959,2.0
1960,4.0
1961,3.0
1962,3.0
1963,4.0
1964,1.0
1965,3.0
1966,2.0
1967,4.0
1968,4.0
1969,3.0
1970,2.0
1971,5.0
1972,3.0
1973,2.0
1974,3.0
1975,5.0
1976,2.0
1977,5.0
1978,5.0
1979,2.0
1980,3.0
1981,4.0
1982,5.0
1983,2.0
1984,1.0
1985,4.0
1986,3.0
1987,3.0
1988,2.0
1989,3.0
1990,5.0
1991,2.0
1992,3.0
1993,4.0
1994,2.0
1995,2.0
1996,3.0
1997,4.0
1998,3.0
1999,2.0
2000,3.0
2001,5.0
2002,3.0
2003,3.0
2004,1.0
2005,4.0
2006,3.0
2007,2.0
2008,3.0
2009,5.0
2010,3.0
2011,2.0
2012,2.0
2013,3.0
2014,2.0
2015,1.0
2016,2.0
2017,4.0
2018,4.0
2019,2.0
2020,3.0
2021,3.0
2022,4.0
2023,3.0
2024,4.0
2025,4.0
2026,1.0
2027,2.0
2028,4.0
2029,3.0
2030,3.0
2031,4.0
2032,3.0
2033,2.0
2034,1.0
2035,0.0
2036,4.0
2037,3.0
2038,3.0
2039,2.0
2040,4.0
2041,5.0
2042,2.0
2043,3.0
2044,3.0
2045,2.0
2046,4.0
2047,3.0
2048,0.0
2049,3.0
2050,3.0
2051,3.0
2052,2.0
2053,4.0
2054,3.0
2055,2.0
2056,2.0
2057,3.0
2058,4.0
2059,4.0
2060,4.0
2061,2.0
2062,5.0
2063,2.0
2064,4.0
2065,3.0
2066,4.0
2067,4.0
2068,3.0
2069,3.0
2070,3.0
2071,3.0
2072,2.0
2073,5.0
2074,5.0
2075,2.0
2076,2.0
2077,1.0
2078,3.0
2079,4.0
2080,3.0
2081,4.0
2082,3.0
2083,3.0
2084,1.0
2085,3.0
2086,3.0
2087,2.0
2088,5.0
2089,2.0
2090,3.0
2091,4.0
2092,1.0
2093,3.0
2094,3.0
2095,3.0
2096,3.0
2097,3.0
2098,3.0
2099,3.0
2100,4.0
2101,2.0
2102,3.0
2103,3.0
2104,5.0
2105,3.0
2106,2.0
2107,3.0
2108,3.0
2109,2.0
2110,3.0
2111,4.0
2112,2.0
2113,4.0
2114,4.0
2115,3.0
2116,3.0
2117,3.0
2118,5.0
2119,3.0
2120,3.0
2121,2.0
2122,4.0
2123,2.0
2124,2.0
2125,5.0
2126,3.0
2127,3.0
2128,4.0
2129,2.0
2130,4.0
2131,4.0
2132,2.0
2133,3.0
2134,2.0
2135,2.0
2136,3.0
2137,4.0
2138,3.0
2139,3.0
2140,2.0
2141,5.0
2142,3.0
2143,3.0
2144,3.0
2145,3.0
2146,4.0
2147,3.0
2148,2.0
2149,2.0
2150,4.0
2151,3.0
2152,4.0
2153,3.0
2154,4.0
2155,1.0
2156,2.0
2157,3.0
2158,3.0
2159,4.0
2160,3.0
2161,2.0
2162,3.0
2163,2.0
2164,4.0
2165,3.0
2166,3.0
2167,3.0
2168,4.0
2169,2.0
2170,2.0
2171,2.0
2172,5.0
2173,4.0
2174,4.0
2175,3.0
2176,3.0
2177,5.0
2178,4.0
2179,2.0
2180,4.0
2181,3.0
2182,2.0
2183,2.0
2184,1.0
2185,2.0
2186,3.0
2187,4.0
2188,3.0
2189,3.0
2190,5.0
2191,5.0
2192,2.0
2193,1.0
2194,3.0
2195,4.0
2196,4.0
2197,4.0
2198,1.0
2199,3.0
2200,4.0
2201,3.0
2202,3.0
2203,4.0
2204,1.0
2205,2.0
2206,5.0
2207,3.0
2208,4.0
2209,4.0
2210,3.0
2211,2.0
2212,3.0
2213,4.0
2214,5.0
2215,3.0
2216,3.0
2217,3.0
2218,4.0
2219,2.0
2220,3.0
2221,2.0
2222,3.0
2223,2.0
2224,5.0
2225,4.0
2226,2.0
2227,2.0
2228,4.0
2229,3.0
2230,5.0
2231,2.0
2232,3.0
2233,4.0
2234,2.0
2235,3.0
2236,3.0
2237,3.0
2238,5.0
2239,4.0
2240,2.0
2241,3.0
2242,3.0
2243,2.0
2244,4.0
2245,3.0
2246,2.0
2247,3.0
2248,3.0
2249,3.0
2250,3.0
2251,3.0
2252,3.0
2253,3.0
2254,3.0
2255,2.0
2256,2.0
2257,2.0
2258,3.0
2259,2.0
2260,4.0
2261,4.0
2262,4.0
2263,3.0
2264,4.0
2265,3.0
2266,3.0
2267,2.0
2268,2.0
2269,3.0
2270,2.0
2271,4.0
2272,2.0
2273,3.0
2274,5.0
2275,4.0
2276,4.0
2277,5.0
2278,4.0
2279,3.0
2280,4.0
2281,1.0
2282,4.0
2283,3.0
2284,2.0
2285,4.0
2286,2.0
2287,2.0
2288,5.0
2289,5.0
2290,4.0
2291,4.0
2292,2.0
2293,2.0
2294,3.0
2295,4.0
2296,2.0
2297,4.0
2298,2.0
2299,3.0
2300,4.0
2301,4.0
2302,3.0
2303,3.0
2304,4.0
2305,1.0
2306,3.0
2307,5.0
2308,3.0
2309,4.0
2310,1.0
2311,3.0
2312,4.0
2313,1.0
2314,4.0
2315,4.0
2316,2.0
2317,5.0
2318,2.0
2319,3.0
2320,4.0
2321,3.0
2322,4.0
2323,4.0
2324,3.0
2325,3.0
2326,2.0
2327,3.0
2328,5.0
2329,2.0
2330,3.0
2331,1.0
2332,4.0
2333,3.0
2334,3.0
2335,2.0
2336,2.0
2337,2.0
2338,3.0
2339,4.0
2340,1.0
2341,2.0
2342,3.0
2343,4.0
2344,2.0
2345,3.0
2346,3.0
2347,2.0
2348,4.0
2349,4.0
2350,1.0
2351,2.0
2352,4.0
2353,4.0
2354,3.0
2355,2.0
2356,1.0
2357,3.0
2358,3.0
2359,2.0
2360,2.0
2361,3.0
2362,4.0
2363,2.0
2364,2.0
2365,3.0
2366,3.0
2367,3.0
2368,4.0
2369,2.0
2370,2.0
2371,3.0
2372,3.0
2373,2.0
2374,5.0
2375,4.0
2376,1.0
2377,1.0
2378,2.0
2379,2.0
2380,3.0
2381,4.0
2382,5.0
2383,3.0
2384,2.0
2385,3.0
2386,3.0
2387,3.0
2388,2.0
2389,4.0
2390,3.0
2391,3.0
2392,4.0
2393,1.0
2394,3.0
2395,4.0
2396,3.0
2397,4.0
2398,4.0
2399,4.0
2400,3.0
2401,1.0
2402,1.0
2403,3.0
2404,4.0
2405,4.0
2406,3.0
2407,3.0
2408,4.0
2409,3.0
2410,2.0
2411,2.0
2412,2.0
2413,2.0
2414,4.0
2415,3.0
2416,2.0
2417,3.0
2418,3.0
2419,5.0
2420,3.0
2421,2.0
2422,4.0
2423,1.0
2424,2.0
2425,2.0
2426,0.0
2427,1.0
2428,3.0
2429,3.0
2430,3.0
2431,3.0
2432,0.0
2433,4.0
2434,2.0
2435,3.0
2436,3.0
2437,3.0
2438,3.0
2439,2.0
2440,3.0
2441,4.0
2442,2.0
2443,3.0
2444,4.0
2445,4.0
2446,4.0
2447,3.0
2448,3.0
2449,3.0
2450,3.0
2451,2.0
2452,3.0
2453,3.0
2454,2.0
2455,4.0
2456,4.0
2457,2.0
2458,2.0
2459,1.0
2460,4.0
2461,2.0
2462,4.0
2463,3.0
2464,3.0
2465,4.0
2466,2.0
2467,1.0
2468,3.0
2469,3.0
2470,4.0
2471,3.0
2472,4.0
2473,4.0
2474,2.0
2475,4.0
2476,2.0
2477,4.0
2478,5.0
2479,3.0
2480,3.0
2481,4.0
2482,1.0
2483,3.0
2484,4.0
2485,1.0
2486,5.0
2487,4.0
2488,4.0
2489,3.0
2490,4.0
2491,3.0
2492,3.0
2493,1.0
2494,3.0
2495,5.0
2496,4.0
2497,3.0
2498,3.0
2499,3.0
2500,2.0
2501,4.0
2502,3.0
2503,3.0
2504,3.0
2505,3.0
2506,2.0
2507,3.0
2508,2.0
2509,3.0
2510,3.0
2511,2.0
2512,2.0
2513,5.0
2514,4.0
2515,4.0
2516,3.0
2517,3.0
2518,2.0
2519,1.0
2520,3.0
2521,4.0
2522,1.0
2523,2.0
2524,3.0
2525,3.0
2526,3.0
2527,1.0
2528,3.0
2529,3.0
2530,2.0
2531,3.0
2532,3.0
2533,4.0
2534,3.0
2535,4.0
2536,5.0
2537,2.0
2538,2.0
2539,2.0
2540,3.0
2541,2.0
2542,2.0
2543,3.0
2544,3.0
2545,2.0
2546,3.0
2547,3.0
2548,3.0
2549,3.0
2550,3.0
2551,2.0
2552,1.0
2553,1.0
2554,3.0
2555,3.0
2556,3.0
2557,2.0
2558,4.0
2559,0.0
2560,1.0
2561,3.0
2562,3.0
2563,3.0
2564,5.0
2565,3.0
2566,4.0
2567,4.0
2568,3.0
2569,3.0
2570,3.0
2571,5.0
2572,3.0
2573,5.0
2574,1.0
2575,4.0
2576,2.0
2577,3.0
2578,5.0
2579,3.0
2580,4.0
2581,1.0
2582,4.0
2583,2.0
2584,2.0
2585,3.0
2586,4.0
2587,4.0
2588,3.0
2589,3.0
2590,2.0
2591,3.0
2592,4.0
2593,5.0
2594,3.0
2595,4.0
2596,3.0
2597,4.0
2598,3.0
2599,3.0
2600,2.0
2601,2.0
2602,3.0
2603,3.0
2604,3.0
2605,4.0
2606,2.0
2607,2.0
2608,2.0
2609,4.0
2610,4.0
2611,1.0
2612,2.0
2613,2.0
2614,2.0
2615,2.0
2616,5.0
2617,4.0
2618,2.0
2619,4.0
2620,5.0
2621,3.0
2622,3.0
2623,5.0
2624,1.0
2625,2.0
2626,1.0
2627,3.0
2628,2.0
2629,4.0
2630,4.0
2631,4.0
2632,2.0
2633,4.0
2634,3.0
2635,5.0
2636,3.0
2637,3.0
2638,4.0
2639,4.0
2640,0.0
2641,5.0
2642,4.0
2643,4.0
2644,0.0
2645,2.0
2646,2.0
2647,5.0
2648,4.0
2649,4.0
2650,2.0
2651,3.0
2652,4.0
2653,3.0
2654,1.0
2655,2.0
2656,2.0
2657,4.0
2658,2.0
2659,2.0
2660,1.0
2661,4.0
2662,3.0
2663,4.0
2664,4.0
2665,3.0
2666,1.0
2667,2.0
2668,2.0
2669,3.0
2670,4.0
2671,4.0
2672,1.0
2673,4.0
2674,4.0
2675,4.0
2676,1.0
2677,2.0
2678,4.0
2679,2.0
2680,4.0
2681,2.0
2682,2.0
2683,2.0
2684,4.0
2685,3.0
2686,4.0
2687,2.0
2688,5.0
2689,4.0
2690,0.0
2691,3.0
2692,4.0
2693,3.0
2694,4.0
2695,2.0
2696,4.0
2697,4.0
2698,3.0
2699,3.0
2700,3.0
2701,3.0
2702,3.0
2703,1.0
2704,2.0
2705,3.0
2706,4.0
2707,4.0
2708,3.0
2709,3.0
2710,3.0
2711,2.0
2712,4.0
2713,5.0
2714,2.0
2715,1.0
2716,5.0
2717,3.0
2718,2.0
2719,4.0
2720,2.0
2721,1.0
2722,4.0
2723,2.0
2724,2.0
2725,3.0
2726,4.0
2727,2.0
2728,3.0
2729,1.0
2730,3.0
2731,4.0
2732,3.0
2733,2.0
2734,2.0
2735,2.0
2736,1.0
2737,2.0
2738,3.0
2739,2.0
2740,0.0
2741,2.0
2742,2.0
2743,3.0
2744,3.0
2745,3.0
2746,2.0
2747,2.0
2748,3.0
2749,3.0
2750,2.0
2751,3.0
2752,3.0
2753,4.0
2754,3.0
2755,5.0
2756,3.0
2757,4.0
2758,1.0
2759,3.0
2760,2.0
2761,4.0
2762,3.0
2763,2.0
2764,2.0
2765,3.0
2766,3.0
2767,3.0
2768,4.0
2769,4.0
2770,2.0
2771,5.0
2772,4.0
2773,1.0
2774,1.0
2775,4.0
2776,5.0
2777,3.0
2778,4.0
2779,4.0
2780,3.0
2781,4.0
2782,4.0
2783,2.0
2784,3.0
2785,2.0
2786,3.0
2787,2.0
2788,3.0
2789,3.0
2790,3.0
2791,1.0
2792,3.0
2793,3.0
2794,4.0
2795,4.0
2796,2.0
2797,2.0
2798,0.0
2799,3.0
2800,4.0
2801,3.0
2802,4.0
2803,2.0
2804,3.0
2805,2.0
2806,5.0
2807,3.0
2808,4.0
2809,3.0
2810,3.0
2811,5.0
2812,2.0
2813,4.0
2814,2.0
2815,2.0
2816,3.0
2817,3.0
2818,4.0
2819,4.0
2820,2.0
2821,4.0
2822,3.0
2823,4.0
2824,2.0
2825,4.0
2826,4.0
2827,5.0
2828,2.0
2829,2.0
2830,3.0
2831,3.0
2832,2.0
2833,3.0
2834,3.0
2835,2.0
2836,4.0
2837,5.0
2838,5.0
2839,3.0
2840,3.0
2841,1.0
2842,2.0
2843,3.0
2844,4.0
2845,4.0
2846,3.0
2847,5.0
2848,4.0
2849,4.0
2850,3.0
2851,5.0
2852,3.0
2853,3.0
2854,4.0
2855,2.0
2856,1.0
2857,3.0
2858,3.0
2859,5.0
2860,4.0
2861,5.0
2862,1.0
2863,4.0
2864,2.0
2865,2.0
2866,4.0
2867,2.0
2868,2.0
2869,4.0
2870,3.0
2871,3.0
2872,2.0
2873,3.0
2874,5.0
2875,3.0
2876,4.0
2877,4.0
2878,3.0
2879,3.0
2880,2.0
2881,3.0
2882,0.0
2883,5.0
2884,3.0
2885,5.0
2886,4.0
2887,4.0
2888,3.0
2889,4.0
2890,3.0
2891,4.0
2892,4.0
2893,1.0
2894,2.0
2895,3.0
2896,2.0
2897,5.0
2898,3.0
2899,4.0
2900,4.0
2901,5.0
2902,3.0
2903,2.0
2904,5.0
2905,1.0
2906,2.0
2907,4.0
2908,2.0
2909,4.0
2910,3.0
2911,4.0
2912,4.0
2913,3.0
2914,2.0
2915,3.0
2916,5.0
2917,1.0
2918,2.0
2919,4.0
2920,4.0
2921,2.0
2922,2.0
2923,3.0
2924,3.0
2925,4.0
2926,3.0
2927,1.0
2928,1.0
2929,5.0
2930,4.0
2931,3.0
2932,4.0
2933,4.0
2934,4.0
2935,4.0
2936,4.0
2937,5.0
2938,3.0
2939,2.0
2940,3.0
2941,3.0
2942,2.0
2943,3.0
2944,2.0
2945,2.0
2946,2.0
2947,2.0
2948,3.0
2949,4.0
2950,3.0
2951,3.0
2952,4.0
2953,4.0
2954,4.0
2955,2.0
2956,3.0
2957,3.0
2958,4.0
2959,3.0
2960,2.0
2961,3.0
2962,4.0
2963,2.0
2964,3.0
2965,5.0
2966,3.0
2967,4.0
2968,3.0
2969,2.0
2970,4.0
2971,1.0
2972,3.0
2973,3.0
2974,3.0
2975,2.0
2976,4.0
2977,4.0
2978,4.0
2979,3.0
2980,4.0
2981,3.0
2982,4.0
2983,3.0
2984,1.0
2985,3.0
2986,4.0
2987,4.0
2988,4.0
2989,3.0
2990,5.0
2991,1.0
2992,5.0
2993,3.0
2994,2.0
2995,3.0
2996,3.0
2997,5.0
2998,2.0
2999,3.0
3000,5.0
3001,3.0
3002,3.0
3003,3.0
3004,3.0
3005,4.0
3006,2.0
3007,2.0
3008,4.0
3009,3.0
3010,4.0
3011,3.0
3012,2.0
3013,2.0
3014,4.0
3015,2.0
3016,2.0
3017,3.0
3018,1.0
3019,3.0
3020,5.0
3021,3.0
3022,4.0
3023,3.0
3024,5.0
3025,2.0
3026,4.0
3027,3.0
3028,4.0
3029,1.0
3030,1.0
3031,3.0
3032,3.0
3033,3.0
3034,4.0
3035,3.0
3036,2.0
3037,2.0
3038,0.0
3039,3.0
3040,2.0
3041,1.0
3042,3.0
3043,3.0
3044,4.0
3045,3.0
3046,3.0
3047,1.0
3048,3.0
3049,2.0
3050,1.0
3051,3.0
3052,4.0
3053,2.0
3054,3.0
3055,4.0
3056,4.0
3057,4.0
3058,4.0
3059,3.0
3060,1.0
3061,3.0
3062,2.0
3063,3.0
3064,3.0
3065,3.0
3066,3.0
3067,3.0
3068,4.0
3069,5.0
3070,3.0
3071,3.0
3072,3.0
3073,4.0
3074,3.0
3075,3.0
3076,3.0
3077,4.0
3078,3.0
3079,5.0
3080,4.0
3081,5.0
3082,3.0
3083,2.0
3084,3.0
3085,2.0
3086,2.0
3087,3.0
3088,4.0
3089,4.0
3090,3.0
3091,4.0
3092,4.0
3093,3.0
3094,1.0
3095,5.0
3096,5.0
3097,3.0
3098,3.0
3099,5.0
3100,3.0
3101,3.0
3102,2.0
3103,2.0
3104,3.0
3105,2.0
3106,5.0
3107,1.0
3108,1.0
3109,2.0
3110,5.0
3111,4.0
3112,3.0
3113,3.0
3114,1.0
3115,3.0
3116,3.0
3117,3.0
3118,3.0
3119,3.0
3120,3.0
3121,3.0
3122,1.0
3123,4.0
3124,4.0
3125,3.0
3126,2.0
3127,2.0
3128,2.0
3129,2.0
3130,5.0
3131,5.0
3132,3.0
3133,3.0
3134,2.0
3135,3.0
3136,4.0
3137,2.0
3138,3.0
3139,4.0
3140,4.0
3141,4.0
3142,5.0
3143,4.0
3144,0.0
3145,5.0
3146,4.0
3147,5.0
3148,2.0
3149,2.0
3150,4.0
3151,1.0
3152,2.0
3153,3.0
3154,4.0
3155,3.0
3156,5.0
3157,3.0
3158,5.0
3159,3.0
3160,3.0
3161,3.0
3162,1.0
3163,4.0
3164,3.0
3165,2.0
3166,2.0
3167,2.0
3168,2.0
3169,5.0
3170,4.0
3171,4.0
3172,2.0
3173,2.0
3174,3.0
3175,3.0
3176,4.0
3177,3.0
3178,1.0
3179,3.0
3180,5.0
3181,3.0
3182,1.0
3183,5.0
3184,2.0
3185,4.0
3186,2.0
3187,1.0
3188,3.0
3189,2.0
3190,3.0
3191,3.0
3192,4.0
3193,4.0
3194,5.0
3195,4.0
3196,4.0
3197,2.0
3198,5.0
3199,5.0
3200,2.0
3201,3.0
3202,4.0
3203,2.0
3204,2.0
3205,3.0
3206,2.0
3207,2.0
3208,4.0
3209,5.0
3210,4.0
3211,1.0
3212,2.0
3213,3.0
3214,4.0
3215,3.0
3216,2.0
3217,2.0
3218,5.0
3219,4.0
3220,1.0
3221,3.0
3222,3.0
3223,3.0
3224,3.0
3225,4.0
3226,4.0
3227,5.0
3228,3.0
3229,3.0
3230,4.0
3231,3.0
3232,2.0
3233,3.0
3234,3.0
3235,3.0
3236,3.0
3237,4.0
3238,2.0
3239,3.0
3240,5.0
3241,4.0
3242,3.0
3243,4.0
3244,3.0
3245,1.0
3246,4.0
3247,3.0
3248,4.0
3249,2.0
3250,4.0
3251,3.0
3252,3.0
3253,3.0
3254,2.0
3255,3.0
3256,3.0
3257,2.0
3258,4.0
3259,2.0
3260,2.0
3261,1.0
3262,4.0
3263,5.0
3264,1.0
3265,0.0
3266,4.0
3267,2.0
3268,2.0
3269,2.0
3270,1.0
3271,2.0
3272,4.0
3273,4.0
3274,1.0
3275,3.0
3276,4.0
3277,4.0
3278,3.0
3279,3.0
3280,3.0
3281,3.0
3282,4.0
3283,4.0
3284,4.0
3285,4.0
3286,5.0
3287,3.0
3288,2.0
3289,0.0
3290,5.0
3291,3.0
3292,2.0
3293,5.0
3294,1.0
3295,4.0
3296,3.0
3297,3.0
3298,3.0
3299,2.0
3300,4.0
3301,5.0
3302,5.0
3303,4.0
3304,4.0
3305,4.0
3306,2.0
3307,3.0
3308,3.0
3309,0.0
3310,5.0
3311,3.0
3312,4.0
3313,3.0
3314,4.0
3315,4.0
3316,3.0
3317,3.0
3318,3.0
3319,2.0
3320,2.0
3321,4.0
3322,1.0
3323,3.0
3324,2.0
3325,5.0
3326,4.0
3327,2.0
3328,3.0
3329,2.0
3330,3.0
3331,4.0
3332,3.0
3333,1.0
3334,1.0
3335,3.0
3336,3.0
3337,3.0
3338,2.0
3339,3.0
3340,4.0
3341,3.0
3342,3.0
3343,2.0
3344,3.0
3345,5.0
3346,3.0
3347,4.0
3348,3.0
3349,3.0
3350,3.0
3351,1.0
3352,3.0
3353,3.0
3354,5.0
3355,3.0
3356,3.0
3357,4.0
3358,4.0
3359,4.0
3360,4.0
3361,4.0
3362,4.0
3363,3.0
3364,4.0
3365,4.0
3366,3.0
3367,3.0
3368,4.0
3369,2.0
3370,1.0
3371,3.0
3372,5.0
3373,3.0
3374,3.0
3375,4.0
3376,3.0
3377,2.0
3378,1.0
3379,3.0
3380,3.0
3381,1.0
3382,2.0
3383,4.0
3384,2.0
3385,3.0
3386,1.0
3387,2.0
3388,5.0
3389,3.0
3390,0.0
3391,2.0
3392,3.0
3393,4.0
3394,4.0
3395,3.0
3396,4.0
3397,3.0
3398,3.0
3399,2.0
3400,1.0
3401,4.0
3402,3.0
3403,2.0
3404,4.0
3405,3.0
3406,2.0
3407,4.0
3408,4.0
3409,2.0
3410,5.0
3411,3.0
3412,4.0
3413,3.0
3414,4.0
3415,3.0
3416,3.0
3417,2.0
3418,2.0
3419,4.0
3420,2.0
3421,3.0
3422,2.0
3423,4.0
3424,3.0
3425,5.0
3426,4.0
3427,1.0
3428,3.0
3429,4.0
3430,2.0
3431,3.0
3432,3.0
3433,2.0
3434,1.0
3435,4.0
3436,2.0
3437,4.0
3438,3.0
3439,4.0
3440,4.0
3441,5.0
3442,2.0
3443,2.0
3444,2.0
3445,3.0
3446,3.0
3447,2.0
3448,4.0
3449,4.0
3450,3.0
3451,2.0
3452,1.0
3453,4.0
3454,4.0
3455,3.0
3456,4.0
3457,3.0
3458,3.0
3459,2.0
3460,5.0
3461,4.0
3462,1.0
3463,2.0
3464,2.0
3465,2.0
3466,1.0
3467,2.0
3468,4.0
3469,4.0
3470,4.0
3471,2.0
3472,4.0
3473,3.0
3474,4.0
3475,4.0
3476,4.0
3477,2.0
3478,3.0
3479,2.0
3480,2.0
3481,4.0
3482,1.0
3483,3.0
3484,4.0
3485,2.0
3486,4.0
3487,3.0
3488,2.0
3489,3.0
3490,2.0
3491,2.0
3492,4.0
3493,3.0
3494,2.0
3495,2.0
3496,4.0
3497,4.0
3498,3.0
3499,4.0
3500,5.0
3501,5.0
3502,4.0
3503,4.0
3504,4.0
3505,2.0
3506,1.0
3507,2.0
3508,2.0
3509,3.0
3510,3.0
3511,5.0
3512,3.0
3513,4.0
3514,4.0
3515,4.0
3516,4.0
3517,3.0
3518,4.0
3519,3.0
3520,4.0
3521,3.0
3522,3.0
3523,3.0
3524,2.0
3525,2.0
3526,2.0
3527,3.0
3528,3.0
3529,2.0
3530,4.0
3531,4.0
3532,2.0
3533,3.0
3534,4.0
3535,4.0
3536,4.0
3537,4.0
3538,3.0
3539,3.0
3540,4.0
3541,4.0
3542,3.0
3543,4.0
3544,4.0
3545,4.0
3546,1.0
3547,3.0
3548,1.0
3549,4.0
3550,2.0
3551,4.0
3552,4.0
3553,1.0
3554,3.0
3555,2.0
3556,1.0
3557,4.0
3558,4.0
3559,2.0
3560,3.0
3561,4.0
3562,5.0
3563,3.0
3564,4.0
3565,4.0
3566,3.0
3567,3.0
3568,4.0
3569,4.0
3570,2.0
3571,4.0
3572,5.0
3573,2.0
3574,4.0
3575,0.0
3576,5.0
3577,3.0
3578,2.0
3579,3.0
3580,3.0
3581,5.0
3582,5.0
3583,1.0
3584,3.0
3585,3.0
3586,3.0
3587,4.0
3588,4.0
3589,4.0
3590,5.0
3591,5.0
3592,4.0
3593,3.0
3594,5.0
3595,2.0
3596,1.0
3597,2.0
3598,1.0
3599,2.0
3600,3.0
3601,3.0
3602,2.0
3603,3.0
3604,4.0
3605,5.0
3606,1.0
3607,4.0
3608,3.0
3609,5.0
3610,1.0
3611,4.0
3612,3.0
3613,4.0
3614,2.0
3615,4.0
3616,5.0
3617,4.0
3618,4.0
3619,4.0
3620,3.0
3621,4.0
3622,2.0
3623,1.0
3624,1.0
3625,4.0
3626,3.0
3627,3.0
3628,1.0
3629,4.0
3630,4.0
3631,4.0
3632,3.0
3633,3.0
3634,4.0
3635,3.0
3636,3.0
3637,3.0
3638,3.0
3639,3.0
3640,1.0
3641,3.0
3642,3.0
3643,2.0
3644,2.0
3645,3.0
3646,4.0
3647,2.0
3648,5.0
3649,5.0
3650,4.0
3651,3.0
3652,3.0
3653,2.0
3654,4.0
3655,2.0
3656,3.0
3657,2.0
3658,1.0
3659,3.0
3660,3.0
3661,3.0
3662,4.0
3663,1.0
3664,4.0
3665,2.0
3666,2.0
3667,3.0
3668,2.0
3669,3.0
3670,3.0
3671,2.0
3672,2.0
3673,4.0
3674,4.0
3675,3.0
3676,3.0
3677,3.0
3678,1.0
3679,1.0
3680,4.0
3681,3.0
3682,1.0
3683,3.0
3684,4.0
3685,3.0
3686,2.0
3687,1.0
3688,4.0
3689,5.0
3690,5.0
3691,3.0
3692,4.0
3693,2.0
3694,4.0
3695,2.0
3696,5.0
3697,4.0
3698,3.0
3699,5.0
3700,3.0
3701,4.0
3702,3.0
3703,4.0
3704,2.0
3705,5.0
3706,3.0
3707,4.0
3708,3.0
3709,2.0
3710,3.0
3711,5.0
3712,4.0
3713,1.0
3714,4.0
3715,2.0
3716,2.0
3717,3.0
3718,2.0
3719,3.0
3720,4.0
3721,4.0
3722,5.0
3723,2.0
3724,2.0
3725,4.0
3726,4.0
3727,3.0
3728,3.0
3729,1.0
3730,5.0
3731,4.0
3732,3.0
3733,4.0
3734,4.0
3735,4.0
3736,4.0
3737,3.0
3738,2.0
3739,4.0
3740,1.0
3741,4.0
3742,4.0
3743,3.0
3744,2.0
3745,3.0
3746,2.0
3747,4.0
3748,3.0
3749,2.0
3750,3.0
3751,4.0
3752,2.0
3753,4.0
3754,4.0
3755,1.0
3756,4.0
3757,4.0
3758,3.0
3759,4.0
3760,3.0
3761,4.0
3762,4.0
3763,3.0
3764,2.0
3765,3.0
3766,3.0
3767,5.0
3768,2.0
3769,5.0
3770,4.0
3771,4.0
3772,4.0
3773,4.0
3774,3.0
3775,5.0
3776,2.0
3777,3.0
3778,2.0
3779,2.0
3780,3.0
3781,1.0
3782,4.0
3783,3.0
3784,4.0
3785,3.0
3786,3.0
3787,4.0
3788,3.0
3789,3.0
3790,3.0
3791,3.0
3792,3.0
3793,3.0
3794,2.0
3795,3.0
3796,3.0
3797,4.0
3798,4.0
3799,2.0
3800,2.0
3801,3.0
3802,4.0
3803,5.0
3804,3.0
3805,0.0
3806,3.0
3807,4.0
3808,1.0
3809,2.0
3810,5.0
3811,3.0
3812,4.0
3813,1.0
3814,3.0
3815,3.0
3816,2.0
3817,3.0
3818,3.0
3819,3.0
3820,4.0
3821,4.0
3822,3.0
3823,2.0
3824,3.0
3825,3.0
3826,5.0
3827,3.0
3828,3.0
3829,2.0
3830,4.0
3831,4.0
3832,2.0
3833,4.0
3834,5.0
3835,2.0
3836,3.0
3837,3.0
3838,3.0
3839,3.0
3840,4.0
3841,3.0
3842,3.0
3843,4.0
3844,1.0
3845,3.0
3846,2.0
3847,4.0
3848,1.0
3849,3.0
3850,2.0
3851,3.0
3852,3.0
3853,5.0
3854,3.0
3855,3.0
3856,2.0
3857,1.0
3858,1.0
3859,2.0
3860,2.0
3861,2.0
3862,3.0
3863,3.0
3864,4.0
3865,2.0
3866,3.0
3867,4.0
3868,3.0
3869,5.0
3870,3.0
3871,3.0
3872,4.0
3873,3.0
3874,3.0
3875,5.0
3876,3.0
3877,3.0
3878,2.0
3879,2.0
3880,2.0
3881,2.0
3882,4.0
3883,4.0
3884,4.0
3885,3.0
3886,3.0
3887,4.0
3888,1.0
3889,3.0
3890,3.0
3891,3.0
3892,2.0
3893,4.0
3894,2.0
3895,3.0
3896,3.0
3897,2.0
3898,1.0
3899,2.0
3900,4.0
3901,3.0
3902,2.0
3903,4.0
3904,4.0
3905,4.0
3906,2.0
3907,2.0
3908,3.0
3909,4.0
3910,3.0
3911,4.0
3912,4.0
3913,2.0
3914,5.0
3915,4.0
3916,3.0
3917,3.0
3918,4.0
3919,3.0
3920,3.0
3921,3.0
3922,3.0
3923,2.0
3924,2.0
3925,5.0
3926,5.0
3927,2.0
3928,3.0
3929,2.0
3930,4.0
3931,3.0
3932,2.0
3933,3.0
3934,3.0
3935,5.0
3936,2.0
3937,3.0
3938,3.0
3939,4.0
3940,3.0
3941,1.0
3942,3.0
3943,5.0
3944,3.0
3945,4.0
3946,4.0
3947,2.0
3948,2.0
3949,3.0
3950,4.0
3951,4.0
3952,3.0
3953,2.0
3954,4.0
3955,4.0
3956,3.0
3957,3.0
3958,5.0
3959,3.0
3960,2.0
3961,2.0
3962,1.0
3963,5.0
3964,2.0
3965,2.0
3966,5.0
3967,4.0
3968,3.0
3969,4.0
3970,2.0
3971,3.0
3972,2.0
3973,4.0
3974,4.0
3975,2.0
3976,3.0
3977,2.0
3978,3.0
3979,4.0
3980,3.0
3981,5.0
3982,4.0
3983,5.0
3984,1.0
3985,3.0
3986,2.0
3987,5.0
3988,4.0
3989,4.0
3990,2.0
3991,4.0
3992,2.0
3993,0.0
3994,2.0
3995,3.0
3996,5.0
3997,3.0
3998,3.0
3999,4.0
4000,2.0
4001,2.0
4002,4.0
4003,4.0
4004,5.0
4005,1.0
4006,5.0
4007,5.0
4008,2.0
4009,4.0
4010,2.0
4011,2.0
4012,4.0
4013,4.0
4014,4.0
4015,3.0
4016,4.0
4017,1.0
4018,3.0
4019,3.0
4020,1.0
4021,3.0
4022,2.0
4023,4.0
4024,3.0
4025,3.0
4026,4.0
4027,3.0
4028,3.0
4029,4.0
4030,3.0
4031,2.0
4032,1.0
4033,4.0
4034,4.0
4035,3.0
4036,5.0
4037,4.0
4038,5.0
4039,4.0
4040,3.0
4041,1.0
4042,3.0
4043,4.0
4044,1.0
4045,4.0
4046,3.0
4047,2.0
4048,2.0
4049,2.0
4050,2.0
4051,3.0
4052,2.0
4053,3.0
4054,3.0
4055,3.0
4056,2.0
4057,1.0
4058,3.0
4059,3.0
4060,3.0
4061,3.0
4062,3.0
4063,2.0
4064,5.0
4065,4.0
4066,5.0
4067,3.0
4068,2.0
4069,3.0
4070,5.0
4071,4.0
4072,3.0
4073,3.0
4074,3.0
4075,4.0
4076,4.0
4077,3.0
4078,3.0
4079,2.0
4080,3.0
4081,4.0
4082,2.0
4083,2.0
4084,3.0
4085,4.0
4086,5.0
4087,4.0
4088,2.0
4089,4.0
4090,4.0
4091,3.0
4092,3.0
4093,3.0
4094,4.0
4095,3.0
4096,3.0
4097,2.0
4098,3.0
4099,5.0
4100,4.0
4101,2.0
4102,5.0
4103,5.0
4104,4.0
4105,4.0
4106,4.0
4107,2.0
4108,3.0
4109,2.0
4110,4.0
4111,2.0
4112,5.0
4113,5.0
4114,2.0
4115,3.0
4116,1.0
4117,2.0
4118,2.0
4119,2.0
4120,4.0
4121,3.0
4122,4.0
4123,3.0
4124,4.0
4125,3.0
4126,4.0
4127,3.0
4128,1.0
4129,2.0
4130,2.0
4131,3.0
4132,4.0
4133,2.0
4134,3.0
4135,2.0
4136,2.0
4137,3.0
4138,5.0
4139,2.0
4140,2.0
4141,2.0
4142,4.0
4143,5.0
4144,4.0
4145,2.0
4146,2.0
4147,3.0
4148,2.0
4149,3.0
4150,2.0
4151,5.0
4152,1.0
4153,5.0
4154,4.0
4155,4.0
4156,4.0
4157,2.0
4158,3.0
4159,2.0
4160,1.0
4161,2.0
4162,3.0
4163,3.0
4164,3.0
4165,3.0
4166,3.0
4167,2.0
4168,3.0
4169,3.0
4170,3.0
4171,1.0
4172,2.0
4173,2.0
4174,4.0
4175,5.0
4176,2.0
4177,2.0
4178,2.0
4179,3.0
4180,4.0
4181,1.0
4182,1.0
4183,2.0
4184,1.0
4185,2.0
4186,3.0
4187,1.0
4188,3.0
4189,3.0
4190,1.0
4191,2.0
4192,3.0
4193,3.0
4194,4.0
4195,2.0
4196,1.0
4197,4.0
4198,3.0
4199,3.0
4200,4.0
4201,4.0
4202,4.0
4203,4.0
4204,2.0
4205,5.0
4206,1.0
4207,3.0
4208,4.0
4209,2.0
4210,4.0
4211,4.0
4212,2.0
4213,4.0
4214,2.0
4215,3.0
4216,3.0
4217,4.0
4218,4.0
4219,1.0
4220,3.0
4221,4.0
4222,3.0
4223,3.0
4224,5.0
4225,2.0
4226,2.0
4227,3.0
4228,3.0
4229,2.0
4230,2.0
4231,4.0
4232,3.0
4233,4.0
4234,4.0
4235,4.0
4236,4.0
4237,4.0
4238,3.0
4239,4.0
4240,3.0
4241,5.0
4242,4.0
4243,4.0
4244,4.0
4245,2.0
4246,1.0
4247,3.0
4248,2.0
4249,5.0
4250,3.0
4251,3.0
4252,4.0
4253,3.0
4254,3.0
4255,1.0
4256,3.0
4257,3.0
4258,2.0
4259,4.0
4260,3.0
4261,3.0
4262,5.0
4263,2.0
4264,1.0
4265,3.0
4266,3.0
4267,4.0
4268,3.0
4269,4.0
4270,3.0
4271,4.0
4272,3.0
4273,5.0
4274,3.0
4275,3.0
4276,5.0
4277,3.0
4278,3.0
4279,3.0
4280,1.0
4281,3.0
4282,2.0
4283,3.0
4284,2.0
4285,2.0
4286,5.0
4287,3.0
4288,4.0
4289,4.0
4290,2.0
4291,2.0
4292,4.0
4293,4.0
4294,3.0
4295,3.0
4296,2.0
4297,2.0
4298,2.0
4299,3.0
4300,3.0
4301,2.0
4302,3.0
4303,4.0
4304,3.0
4305,2.0
4306,3.0
4307,1.0
4308,3.0
4309,2.0
4310,2.0
4311,3.0
4312,2.0
4313,3.0
4314,3.0
4315,2.0
4316,4.0
4317,4.0
4318,3.0
4319,5.0
4320,3.0
4321,3.0
4322,5.0
4323,4.0
4324,4.0
4325,5.0
4326,4.0
4327,4.0
4328,4.0
4329,3.0
4330,3.0
4331,4.0
4332,3.0
4333,2.0
4334,2.0
4335,3.0
4336,4.0
4337,2.0
4338,4.0
4339,3.0
4340,3.0
4341,2.0
4342,3.0
4343,2.0
4344,3.0
4345,4.0
4346,5.0
4347,3.0
4348,0.0
4349,2.0
4350,2.0
4351,4.0
4352,3.0
4353,2.0
4354,5.0
4355,1.0
4356,3.0
4357,4.0
4358,5.0
4359,3.0
4360,1.0
4361,4.0
4362,4.0
4363,3.0
4364,3.0
4365,4.0
4366,2.0
4367,3.0
4368,1.0
4369,2.0
4370,4.0
4371,2.0
4372,3.0
4373,1.0
4374,2.0
4375,3.0
4376,1.0
4377,3.0
4378,2.0
4379,3.0
4380,2.0
4381,2.0
4382,3.0
4383,3.0
4384,4.0
4385,3.0
4386,5.0
4387,4.0
4388,3.0
4389,3.0
4390,3.0
4391,3.0
4392,3.0
4393,3.0
4394,2.0
4395,1.0
4396,2.0
4397,4.0
4398,1.0
4399,5.0
4400,3.0
4401,3.0
4402,2.0
4403,4.0
4404,3.0
4405,2.0
4406,3.0
4407,3.0
4408,4.0
4409,3.0
4410,1.0
4411,2.0
4412,1.0
4413,4.0
4414,2.0
4415,2.0
4416,5.0
4417,5.0
4418,2.0
4419,1.0
4420,3.0
4421,3.0
4422,3.0
4423,5.0
4424,3.0
4425,2.0
4426,3.0
4427,3.0
4428,3.0
4429,4.0
4430,4.0
4431,2.0
4432,2.0
4433,3.0
4434,1.0
4435,3.0
4436,4.0
4437,3.0
4438,4.0
4439,4.0
4440,4.0
4441,4.0
4442,2.0
4443,4.0
4444,5.0
4445,2.0
4446,1.0
4447,3.0
4448,3.0
4449,3.0
4450,4.0
4451,2.0
4452,3.0
4453,4.0
4454,3.0
4455,3.0
4456,2.0
4457,4.0
4458,2.0
4459,3.0
4460,3.0
4461,5.0
4462,2.0
4463,3.0
4464,2.0
4465,1.0
4466,2.0
4467,4.0
4468,5.0
4469,3.0
4470,3.0
4471,1.0
4472,4.0
4473,3.0
4474,3.0
4475,3.0
4476,4.0
4477,3.0
4478,3.0
4479,2.0
4480,2.0
4481,2.0
4482,4.0
4483,5.0
4484,4.0
4485,4.0
4486,4.0
4487,3.0
4488,2.0
4489,3.0
4490,3.0
4491,4.0
4492,2.0
4493,3.0
4494,5.0
4495,4.0
4496,3.0
4497,4.0
4498,2.0
4499,3.0
4500,3.0
4501,3.0
4502,3.0
4503,3.0
4504,2.0
4505,3.0
4506,4.0
4507,3.0
4508,2.0
4509,3.0
4510,3.0
4511,5.0
4512,5.0
4513,3.0
4514,3.0
4515,3.0
4516,2.0
4517,2.0
4518,3.0
4519,4.0
4520,3.0
4521,4.0
4522,3.0
4523,3.0
4524,3.0
4525,3.0
4526,2.0
4527,2.0
4528,1.0
4529,3.0
4530,2.0
4531,1.0
4532,3.0
4533,3.0
4534,4.0
4535,1.0
4536,4.0
4537,3.0
4538,3.0
4539,3.0
4540,1.0
4541,5.0
4542,2.0
4543,3.0
4544,3.0
4545,3.0
4546,3.0
4547,3.0
4548,2.0
4549,3.0
4550,4.0
4551,4.0
4552,3.0
4553,2.0
4554,1.0
4555,4.0
4556,4.0
4557,3.0
4558,2.0
4559,5.0
4560,2.0
4561,0.0
4562,3.0
4563,2.0
4564,3.0
4565,4.0
4566,3.0
4567,4.0
4568,3.0
4569,1.0
4570,2.0
4571,3.0
4572,0.0
4573,3.0
4574,2.0
4575,3.0
4576,4.0
4577,4.0
4578,2.0
4579,3.0
4580,3.0
4581,3.0
4582,2.0
4583,5.0
4584,2.0
4585,4.0
4586,4.0
4587,5.0
4588,1.0
4589,1.0
4590,4.0
4591,2.0
4592,2.0
4593,4.0
4594,4.0
4595,5.0
4596,5.0
4597,3.0
4598,3.0
4599,3.0
4600,3.0
4601,3.0
4602,3.0
4603,3.0
4604,3.0
4605,4.0
4606,3.0
4607,4.0
4608,2.0
4609,4.0
4610,2.0
4611,0.0
4612,2.0
4613,2.0
4614,4.0
4615,2.0
4616,3.0
4617,3.0
4618,4.0
4619,3.0
4620,4.0
4621,2.0
4622,3.0
4623,4.0
4624,1.0
4625,2.0
4626,1.0
4627,1.0
4628,4.0
4629,1.0
4630,0.0
4631,3.0
4632,2.0
4633,2.0
4634,3.0
4635,3.0
4636,1.0
4637,4.0
4638,3.0
4639,2.0
4640,2.0
4641,3.0
4642,3.0
4643,3.0
4644,5.0
4645,3.0
4646,4.0
4647,5.0
4648,4.0
4649,4.0
4650,0.0
4651,3.0
4652,2.0
4653,4.0
4654,2.0
4655,2.0
4656,3.0
4657,2.0
4658,3.0
4659,5.0
4660,3.0
4661,3.0
4662,4.0
4663,0.0
4664,2.0
4665,3.0
4666,5.0
4667,4.0
4668,2.0
4669,1.0
4670,2.0
4671,2.0
4672,2.0
4673,4.0
4674,2.0
4675,2.0
4676,4.0
4677,4.0
4678,2.0
4679,3.0
4680,0.0
4681,2.0
4682,3.0
4683,4.0
4684,4.0
4685,4.0
4686,2.0
4687,5.0
4688,4.0
4689,5.0
4690,4.0
4691,2.0
4692,3.0
4693,2.0
4694,4.0
4695,1.0
4696,2.0
4697,3.0
4698,3.0
4699,2.0
4700,4.0
4701,4.0
4702,4.0
4703,5.0
4704,2.0
4705,3.0
4706,3.0
4707,2.0
4708,3.0
4709,2.0
4710,5.0
4711,2.0
4712,3.0
4713,4.0
4714,1.0
4715,4.0
4716,5.0
4717,2.0
4718,2.0
4719,2.0
4720,1.0
4721,4.0
4722,3.0
4723,4.0
4724,1.0
4725,3.0
4726,4.0
4727,3.0
4728,5.0
4729,0.0
4730,4.0
4731,4.0
4732,5.0
4733,3.0
4734,3.0
4735,2.0
4736,2.0
4737,4.0
4738,3.0
4739,2.0
4740,3.0
4741,4.0
4742,3.0
4743,5.0
4744,1.0
4745,3.0
4746,4.0
4747,3.0
4748,4.0
4749,4.0
4750,4.0
4751,4.0
4752,1.0
4753,3.0
4754,2.0
4755,2.0
4756,3.0
4757,0.0
4758,3.0
4759,2.0
4760,3.0
4761,2.0
4762,2.0
4763,5.0
4764,4.0
4765,4.0
4766,4.0
4767,2.0
4768,2.0
4769,3.0
4770,2.0
4771,2.0
4772,3.0
4773,0.0
4774,2.0
4775,2.0
4776,2.0
4777,2.0
4778,1.0
4779,4.0
4780,4.0
4781,4.0
4782,3.0
4783,2.0
4784,4.0
4785,3.0
4786,3.0
4787,2.0
4788,1.0
4789,3.0
4790,3.0
4791,3.0
4792,4.0
4793,2.0
4794,4.0
4795,4.0
4796,2.0
4797,3.0
4798,4.0
4799,4.0
4800,2.0
4801,4.0
4802,3.0
4803,4.0
4804,4.0
4805,3.0
4806,4.0
4807,1.0
4808,3.0
4809,4.0
4810,3.0
4811,2.0
4812,3.0
4813,3.0
4814,4.0
4815,4.0
4816,3.0
4817,3.0
4818,5.0
4819,4.0
4820,5.0
4821,2.0
4822,3.0
4823,3.0
4824,4.0
4825,5.0
4826,2.0
4827,3.0
4828,2.0
4829,4.0
4830,1.0
4831,1.0
4832,3.0
4833,3.0
4834,4.0
4835,2.0
4836,4.0
4837,3.0
4838,2.0
4839,3.0
4840,3.0
4841,1.0
4842,2.0
4843,2.0
4844,2.0
4845,3.0
4846,2.0
4847,3.0
4848,3.0
4849,3.0
4850,2.0
4851,3.0
4852,2.0
4853,2.0
4854,3.0
4855,5.0
4856,3.0
4857,3.0
4858,4.0
4859,4.0
4860,1.0
4861,3.0
4862,2.0
4863,2.0
4864,3.0
4865,4.0
4866,3.0
4867,4.0
4868,3.0
4869,3.0
4870,1.0
4871,3.0
4872,3.0
4873,5.0
4874,3.0
4875,1.0
4876,1.0
4877,1.0
4878,3.0
4879,3.0
4880,1.0
4881,4.0
4882,5.0
4883,3.0
4884,4.0
4885,2.0
4886,3.0
4887,4.0
4888,2.0
4889,3.0
4890,2.0
4891,3.0
4892,2.0
4893,2.0
4894,4.0
4895,3.0
4896,4.0
4897,4.0
4898,3.0
4899,4.0
4900,3.0
4901,3.0
4902,2.0
4903,3.0
4904,5.0
4905,2.0
4906,3.0
4907,4.0
4908,4.0
4909,2.0
4910,3.0
4911,4.0
4912,3.0
4913,2.0
4914,3.0
4915,4.0
4916,5.0
4917,4.0
4918,4.0
4919,3.0
4920,1.0
4921,2.0
4922,2.0
4923,1.0
4924,2.0
4925,4.0
4926,2.0
4927,4.0
4928,3.0
4929,4.0
4930,1.0
4931,3.0
4932,3.0
4933,2.0
4934,4.0
4935,5.0
4936,4.0
4937,3.0
4938,2.0
4939,4.0
4940,4.0
4941,1.0
4942,1.0
4943,5.0
4944,2.0
4945,3.0
4946,2.0
4947,3.0
4948,4.0
4949,3.0
4950,5.0
4951,3.0
4952,4.0
4953,2.0
4954,4.0
4955,5.0
4956,3.0
4957,5.0
4958,1.0
4959,3.0
4960,4.0
4961,3.0
4962,3.0
4963,2.0
4964,4.0
4965,3.0
4966,2.0
4967,3.0
4968,4.0
4969,3.0
4970,1.0
4971,4.0
4972,3.0
4973,4.0
4974,2.0
4975,3.0
4976,4.0
4977,3.0
4978,4.0
4979,4.0
4980,3.0
4981,0.0
4982,5.0
4983,3.0
4984,4.0
4985,3.0
4986,4.0
4987,1.0
4988,3.0
4989,3.0
4990,5.0
4991,4.0
4992,3.0
4993,3.0
4994,4.0
4995,4.0
4996,4.0
4997,2.0
4998,4.0
4999,5.0
5000,3.0
5001,3.0
5002,3.0
5003,2.0
5004,3.0
5005,4.0
5006,1.0
5007,2.0
5008,3.0
5009,3.0
5010,3.0
5011,4.0
5012,2.0
5013,2.0
5014,3.0
5015,4.0
5016,2.0
5017,3.0
5018,2.0
5019,3.0
5020,2.0
5021,2.0
5022,4.0
5023,4.0
5024,5.0
5025,3.0
5026,2.0
5027,1.0
5028,2.0
5029,3.0
5030,1.0
5031,2.0
5032,5.0
5033,3.0
5034,5.0
5035,5.0
5036,3.0
5037,3.0
5038,3.0
5039,3.0
5040,4.0
5041,2.0
5042,3.0
5043,2.0
5044,4.0
5045,3.0
5046,5.0
5047,4.0
5048,4.0
5049,4.0
5050,2.0
5051,2.0
5052,4.0
5053,1.0
5054,3.0
5055,3.0
5056,4.0
5057,3.0
5058,3.0
5059,2.0
5060,4.0
5061,5.0
5062,4.0
5063,2.0
5064,4.0
5065,3.0
5066,3.0
5067,4.0
5068,3.0
5069,0.0
5070,2.0
5071,4.0
5072,4.0
5073,2.0
5074,4.0
5075,2.0
5076,4.0
5077,0.0
5078,5.0
5079,3.0
5080,4.0
5081,2.0
5082,4.0
5083,5.0
5084,5.0
5085,3.0
5086,1.0
5087,4.0
5088,1.0
5089,4.0
5090,3.0
5091,3.0
5092,5.0
5093,4.0
5094,4.0
5095,3.0
5096,3.0
5097,3.0
5098,4.0
5099,3.0
5100,3.0
5101,5.0
5102,5.0
5103,3.0
5104,5.0
5105,2.0
5106,3.0
5107,2.0
5108,3.0
5109,3.0
5110,2.0
5111,2.0
5112,3.0
5113,3.0
5114,1.0
5115,3.0
5116,2.0
5117,4.0
5118,4.0
5119,2.0
5120,5.0
5121,4.0
5122,2.0
5123,5.0
5124,2.0
5125,2.0
5126,3.0
5127,2.0
5128,3.0
5129,2.0
5130,1.0
5131,5.0
5132,2.0
5133,5.0
5134,3.0
5135,4.0
5136,2.0
5137,2.0
5138,4.0
5139,4.0
5140,4.0
5141,3.0
5142,3.0
5143,1.0
5144,3.0
5145,2.0
5146,3.0
5147,3.0
5148,3.0
5149,3.0
5150,3.0
5151,4.0
5152,5.0
5153,5.0
5154,2.0
5155,3.0
5156,3.0
5157,5.0
5158,3.0
5159,2.0
5160,3.0
5161,3.0
5162,3.0
5163,1.0
5164,3.0
5165,5.0
5166,2.0
5167,3.0
5168,3.0
5169,4.0
5170,1.0
5171,3.0
5172,4.0
5173,4.0
5174,4.0
5175,3.0
5176,2.0
5177,2.0
5178,1.0
5179,4.0
5180,3.0
5181,1.0
5182,5.0
5183,2.0
5184,4.0
5185,2.0
5186,2.0
5187,5.0
5188,2.0
5189,3.0
5190,3.0
5191,4.0
5192,3.0
5193,3.0
5194,3.0
5195,2.0
5196,3.0
5197,3.0
5198,1.0
5199,4.0
5200,3.0
5201,4.0
5202,3.0
5203,4.0
5204,2.0
5205,3.0
5206,3.0
5207,4.0
5208,3.0
5209,2.0
5210,4.0
5211,3.0
5212,5.0
5213,3.0
5214,3.0
5215,4.0
5216,4.0
5217,5.0
5218,2.0
5219,4.0
5220,2.0
5221,3.0
5222,3.0
5223,3.0
5224,4.0
5225,2.0
5226,4.0
5227,1.0
5228,2.0
5229,5.0
5230,3.0
5231,2.0
5232,3.0
5233,3.0
5234,3.0
5235,3.0
5236,3.0
5237,3.0
5238,2.0
5239,3.0
5240,2.0
5241,3.0
5242,3.0
5243,4.0
5244,2.0
5245,4.0
5246,4.0
5247,4.0
5248,5.0
5249,3.0
5250,2.0
5251,2.0
5252,2.0
5253,3.0
5254,3.0
5255,3.0
5256,2.0
5257,3.0
5258,3.0
5259,2.0
5260,2.0
5261,4.0
5262,3.0
5263,4.0
5264,3.0
5265,4.0
5266,3.0
5267,3.0
5268,2.0
5269,4.0
5270,2.0
5271,4.0
5272,5.0
5273,3.0
5274,4.0
5275,2.0
5276,3.0
5277,3.0
5278,0.0
5279,4.0
5280,3.0
5281,1.0
5282,3.0
5283,3.0
5284,4.0
5285,3.0
5286,3.0
5287,3.0
5288,5.0
5289,3.0
5290,2.0
5291,4.0
5292,4.0
5293,3.0
5294,3.0
5295,3.0
5296,3.0
5297,2.0
5298,5.0
5299,5.0
5300,3.0
5301,3.0
5302,3.0
5303,1.0
5304,3.0
5305,4.0
5306,0.0
5307,2.0
5308,1.0
5309,5.0
5310,4.0
5311,4.0
5312,2.0
5313,3.0
5314,1.0
5315,5.0
5316,3.0
5317,2.0
5318,3.0
5319,2.0
5320,2.0
5321,4.0
5322,3.0
5323,3.0
5324,4.0
5325,3.0
5326,3.0
5327,2.0
5328,4.0
5329,5.0
5330,2.0
5331,2.0
5332,2.0
5333,2.0
5334,3.0
5335,2.0
5336,4.0
5337,3.0
5338,3.0
5339,2.0
5340,5.0
5341,3.0
5342,2.0
5343,1.0
5344,5.0
5345,4.0
5346,3.0
5347,1.0
5348,3.0
5349,3.0
5350,2.0
5351,3.0
5352,5.0
5353,3.0
5354,2.0
5355,2.0
5356,3.0
5357,5.0
5358,4.0
5359,3.0
5360,3.0
5361,4.0
5362,5.0
5363,5.0
5364,4.0
5365,3.0
5366,2.0
5367,4.0
5368,2.0
5369,1.0
5370,2.0
5371,3.0
5372,3.0
5373,3.0
5374,3.0
5375,4.0
5376,3.0
5377,2.0
5378,4.0
5379,3.0
5380,2.0
5381,3.0
5382,3.0
5383,3.0
5384,4.0
5385,3.0
5386,3.0
5387,2.0
5388,4.0
5389,4.0
5390,3.0
5391,4.0
5392,4.0
5393,4.0
5394,4.0
5395,3.0
5396,4.0
5397,4.0
5398,1.0
5399,3.0
5400,4.0
5401,3.0
5402,3.0
5403,3.0
5404,1.0
5405,3.0
5406,3.0
5407,2.0
5408,3.0
5409,1.0
5410,3.0
5411,2.0
5412,1.0
5413,2.0
5414,4.0
5415,5.0
5416,3.0
5417,4.0
5418,3.0
5419,4.0
5420,4.0
5421,2.0
5422,1.0
5423,3.0
5424,2.0
5425,3.0
5426,3.0
5427,3.0
5428,2.0
5429,3.0
5430,1.0
5431,3.0
5432,4.0
5433,1.0
5434,2.0
5435,4.0
5436,5.0
5437,2.0
5438,2.0
5439,2.0
5440,1.0
5441,3.0
5442,2.0
5443,3.0
5444,3.0
5445,3.0
5446,3.0
5447,3.0
5448,3.0
5449,3.0
5450,3.0
5451,4.0
5452,4.0
5453,2.0
5454,4.0
5455,3.0
5456,1.0
5457,5.0
5458,4.0
5459,3.0
5460,3.0
5461,3.0
5462,4.0
5463,4.0
5464,3.0
5465,1.0
5466,2.0
5467,2.0
5468,4.0
5469,3.0
5470,5.0
5471,4.0
5472,2.0
5473,3.0
5474,3.0
5475,3.0
5476,4.0
5477,1.0
5478,3.0
5479,2.0
5480,2.0
5481,4.0
5482,4.0
5483,3.0
5484,2.0
5485,2.0
5486,4.0
5487,5.0
5488,4.0
5489,2.0
5490,4.0
5491,3.0
5492,3.0
5493,3.0
5494,4.0
5495,2.0
5496,2.0
5497,1.0
5498,3.0
5499,3.0
5500,3.0
5501,1.0
5502,5.0
5503,3.0
5504,4.0
5505,3.0
5506,2.0
5507,5.0
5508,4.0
5509,5.0
5510,5.0
5511,4.0
5512,2.0
5513,3.0
5514,2.0
5515,3.0
5516,4.0
5517,3.0
5518,3.0
5519,1.0
5520,4.0
5521,3.0
5522,2.0
5523,4.0
5524,1.0
5525,4.0
5526,3.0
5527,3.0
5528,3.0
5529,2.0
5530,2.0
5531,2.0
5532,4.0
5533,3.0
5534,3.0
5535,2.0
5536,4.0
5537,2.0
5538,4.0
5539,3.0
5540,2.0
5541,4.0
5542,3.0
5543,3.0
5544,4.0
5545,4.0
5546,3.0
5547,2.0
5548,1.0
5549,3.0
5550,1.0
5551,4.0
5552,3.0
5553,2.0
5554,2.0
5555,3.0
5556,5.0
5557,2.0
5558,4.0
5559,4.0
5560,4.0
5561,2.0
5562,3.0
5563,3.0
5564,3.0
5565,3.0
5566,5.0
5567,3.0
5568,2.0
5569,3.0
5570,2.0
5571,3.0
5572,4.0
5573,2.0
5574,5.0
5575,4.0
5576,4.0
5577,3.0
5578,0.0
5579,1.0
5580,3.0
5581,5.0
5582,3.0
5583,3.0
5584,3.0
5585,2.0
5586,4.0
5587,3.0
5588,3.0
5589,3.0
5590,3.0
5591,3.0
5592,4.0
5593,3.0
5594,4.0
5595,3.0
5596,2.0
5597,3.0
5598,3.0
5599,4.0
5600,4.0
5601,3.0
5602,3.0
5603,4.0
5604,3.0
5605,4.0
5606,4.0
5607,5.0
5608,4.0
5609,4.0
5610,4.0
5611,3.0
5612,5.0
5613,5.0
5614,5.0
5615,2.0
5616,3.0
5617,0.0
5618,2.0
5619,2.0
5620,3.0
5621,4.0
5622,2.0
5623,3.0
5624,1.0
5625,1.0
5626,3.0
5627,2.0
5628,2.0
5629,3.0
5630,2.0
5631,2.0
5632,3.0
5633,4.0
5634,2.0
5635,2.0
5636,3.0
5637,4.0
5638,3.0
5639,4.0
5640,5.0
5641,3.0
5642,3.0
5643,4.0
5644,4.0
5645,4.0
5646,1.0
5647,4.0
5648,3.0
5649,3.0
5650,4.0
5651,3.0
5652,3.0
5653,3.0
5654,3.0
5655,1.0
5656,3.0
5657,4.0
5658,4.0
5659,2.0
5660,5.0
5661,2.0
5662,2.0
5663,4.0
5664,3.0
5665,2.0
5666,3.0
5667,4.0
5668,4.0
5669,3.0
5670,5.0
5671,2.0
5672,2.0
5673,2.0
5674,0.0
5675,5.0
5676,2.0
5677,2.0
5678,3.0
5679,4.0
5680,4.0
5681,4.0
5682,3.0
5683,4.0
5684,3.0
5685,3.0
5686,1.0
5687,4.0
5688,4.0
5689,4.0
5690,3.0
5691,4.0
5692,2.0
5693,3.0
5694,5.0
5695,3.0
5696,2.0
5697,2.0
5698,1.0
5699,4.0
5700,4.0
5701,5.0
5702,2.0
5703,3.0
5704,3.0
5705,4.0
5706,4.0
5707,2.0
5708,4.0
5709,5.0
5710,4.0
5711,3.0
5712,4.0
5713,3.0
5714,3.0
5715,3.0
5716,1.0
5717,3.0
5718,4.0
5719,1.0
5720,3.0
5721,1.0
5722,2.0
5723,3.0
5724,1.0
5725,3.0
5726,4.0
5727,4.0
5728,2.0
5729,2.0
5730,3.0
5731,1.0
5732,3.0
5733,4.0
5734,3.0
5735,1.0
5736,3.0
5737,2.0
5738,2.0
5739,3.0
5740,2.0
5741,4.0
5742,2.0
5743,4.0
5744,2.0
5745,2.0
5746,4.0
5747,3.0
5748,4.0
5749,4.0
5750,3.0
5751,3.0
5752,4.0
5753,5.0
5754,3.0
5755,2.0
5756,2.0
5757,2.0
5758,4.0
5759,4.0
5760,2.0
5761,2.0
5762,1.0
5763,4.0
5764,3.0
5765,2.0
5766,1.0
5767,1.0
5768,5.0
5769,3.0
5770,4.0
5771,5.0
5772,2.0
5773,4.0
5774,4.0
5775,2.0
5776,5.0
5777,3.0
5778,3.0
5779,4.0
5780,3.0
5781,4.0
5782,3.0
5783,4.0
5784,2.0
5785,4.0
5786,4.0
5787,3.0
5788,4.0
5789,3.0
5790,2.0
5791,2.0
5792,1.0
5793,2.0
5794,4.0
5795,3.0
5796,3.0
5797,3.0
5798,3.0
5799,2.0
5800,3.0
5801,4.0
5802,4.0
5803,3.0
5804,3.0
5805,4.0
5806,3.0
5807,4.0
5808,4.0
5809,3.0
5810,3.0
5811,2.0
5812,3.0
5813,3.0
5814,3.0
5815,3.0
5816,4.0
5817,1.0
5818,3.0
5819,4.0
5820,1.0
5821,3.0
5822,4.0
5823,3.0
5824,3.0
5825,1.0
5826,3.0
5827,4.0
5828,3.0
5829,2.0
5830,4.0
5831,4.0
5832,1.0
5833,3.0
5834,2.0
5835,4.0
5836,3.0
5837,3.0
5838,3.0
5839,3.0
5840,4.0
5841,2.0
5842,4.0
5843,2.0
5844,4.0
5845,2.0
5846,4.0
5847,2.0
5848,4.0
5849,3.0
5850,4.0
5851,4.0
5852,2.0
5853,2.0
5854,0.0
5855,4.0
5856,2.0
5857,4.0
5858,4.0
5859,2.0
5860,5.0
5861,4.0
5862,5.0
5863,3.0
5864,4.0
5865,3.0
5866,3.0
5867,4.0
5868,3.0
5869,4.0
5870,3.0
5871,3.0
5872,4.0
5873,4.0
5874,5.0
5875,4.0
5876,3.0
5877,5.0
5878,1.0
5879,3.0
5880,4.0
5881,3.0
5882,2.0
5883,4.0
5884,4.0
5885,3.0
5886,3.0
5887,5.0
5888,3.0
5889,4.0
5890,1.0
5891,4.0
5892,4.0
5893,3.0
5894,3.0
5895,2.0
5896,3.0
5897,4.0
5898,1.0
5899,3.0
5900,2.0
5901,4.0
5902,3.0
5903,1.0
5904,2.0
5905,2.0
5906,3.0
5907,3.0
5908,4.0
5909,3.0
5910,1.0
5911,3.0
5912,3.0
5913,2.0
5914,2.0
5915,2.0
5916,3.0
5917,3.0
5918,3.0
5919,3.0
5920,1.0
5921,4.0
5922,4.0
5923,4.0
5924,3.0
5925,1.0
5926,3.0
5927,4.0
5928,3.0
5929,4.0
5930,3.0
5931,5.0
5932,3.0
5933,5.0
5934,3.0
5935,4.0
5936,2.0
5937,3.0
5938,3.0
5939,3.0
5940,3.0
5941,4.0
5942,2.0
5943,3.0
5944,2.0
5945,3.0
5946,0.0
5947,4.0
5948,3.0
5949,4.0
5950,3.0
5951,2.0
5952,0.0
5953,3.0
5954,3.0
5955,2.0
5956,3.0
5957,3.0
5958,2.0
5959,3.0
5960,3.0
5961,3.0
5962,4.0
5963,4.0
5964,4.0
5965,4.0
5966,2.0
5967,4.0
5968,3.0
5969,5.0
5970,3.0
5971,2.0
5972,3.0
5973,4.0
5974,3.0
5975,4.0
5976,3.0
5977,3.0
5978,3.0
5979,1.0
5980,5.0
5981,4.0
5982,2.0
5983,2.0
5984,2.0
5985,2.0
5986,4.0
5987,2.0
5988,4.0
5989,4.0
5990,3.0
5991,2.0
5992,3.0
5993,3.0
5994,4.0
5995,4.0
5996,2.0
5997,5.0
5998,1.0
5999,2.0
6000,4.0
6001,4.0
6002,5.0
6003,3.0
6004,3.0
6005,3.0
6006,3.0
6007,5.0
6008,3.0
6009,3.0
6010,2.0
6011,4.0
6012,2.0
6013,2.0
6014,3.0
6015,1.0
6016,3.0
6017,1.0
6018,2.0
6019,2.0
6020,2.0
6021,5.0
6022,3.0
6023,1.0
6024,4.0
6025,4.0
6026,3.0
6027,4.0
6028,4.0
6029,4.0
6030,3.0
6031,3.0
6032,3.0
6033,4.0
6034,4.0
6035,3.0
6036,3.0
6037,1.0
6038,4.0
6039,3.0
6040,2.0
6041,3.0
6042,2.0
6043,4.0
6044,4.0
6045,2.0
6046,4.0
6047,4.0
6048,1.0
6049,2.0
6050,2.0
6051,3.0
6052,3.0
6053,3.0
6054,1.0
6055,3.0
6056,4.0
6057,5.0
6058,3.0
6059,4.0
6060,4.0
6061,2.0
6062,3.0
6063,3.0
6064,5.0
6065,5.0
6066,4.0
6067,2.0
6068,4.0
6069,4.0
6070,1.0
6071,4.0
6072,3.0
6073,1.0
6074,1.0
6075,2.0
6076,4.0
6077,5.0
6078,3.0
6079,4.0
6080,3.0
6081,2.0
6082,2.0
6083,4.0
6084,2.0
6085,2.0
6086,2.0
6087,4.0
6088,3.0
6089,5.0
6090,2.0
6091,3.0
6092,5.0
6093,2.0
6094,4.0
6095,2.0
6096,3.0
6097,3.0
6098,3.0
6099,3.0
6100,4.0
6101,2.0
6102,3.0
6103,3.0
6104,3.0
6105,2.0
6106,2.0
6107,4.0
6108,2.0
6109,3.0
6110,3.0
6111,4.0
6112,3.0
6113,3.0
6114,4.0
6115,5.0
6116,3.0
6117,4.0
6118,2.0
6119,5.0
6120,4.0
6121,4.0
6122,2.0
6123,3.0
6124,2.0
6125,4.0
6126,3.0
6127,1.0
6128,3.0
6129,2.0
6130,4.0
6131,3.0
6132,1.0
6133,2.0
6134,2.0
6135,3.0
6136,3.0
6137,3.0
6138,4.0
6139,3.0
6140,1.0
6141,4.0
6142,3.0
6143,3.0
6144,3.0
6145,2.0
6146,5.0
6147,3.0
6148,2.0
6149,2.0
6150,4.0
6151,2.0
6152,2.0
6153,2.0
6154,4.0
6155,3.0
6156,4.0
6157,3.0
6158,3.0
6159,2.0
6160,2.0
6161,3.0
6162,3.0
6163,4.0
6164,2.0
6165,3.0
6166,3.0
6167,3.0
6168,4.0
6169,5.0
6170,4.0
6171,4.0
6172,3.0
6173,4.0
6174,2.0
6175,3.0
6176,2.0
6177,2.0
6178,3.0
6179,3.0
6180,2.0
6181,1.0
6182,3.0
6183,5.0
6184,5.0
6185,3.0
6186,5.0
6187,2.0
6188,3.0
6189,5.0
6190,5.0
6191,5.0
6192,3.0
6193,4.0
6194,4.0
6195,3.0
6196,2.0
6197,2.0
6198,4.0
6199,2.0
6200,3.0
6201,1.0
6202,4.0
6203,4.0
6204,3.0
6205,2.0
6206,2.0
6207,3.0
6208,3.0
6209,2.0
6210,4.0
6211,3.0
6212,1.0
6213,3.0
6214,4.0
6215,0.0
6216,2.0
6217,4.0
6218,4.0
6219,3.0
6220,3.0
6221,1.0
6222,3.0
6223,4.0
6224,4.0
6225,5.0
6226,4.0
6227,3.0
6228,3.0
6229,4.0
6230,3.0
6231,5.0
6232,4.0
6233,2.0
6234,4.0
6235,2.0
6236,4.0
6237,2.0
6238,3.0
6239,3.0
6240,4.0
6241,3.0
6242,2.0
6243,4.0
6244,5.0
6245,2.0
6246,4.0
6247,2.0
6248,3.0
6249,4.0
6250,4.0
6251,3.0
6252,2.0
6253,3.0
6254,3.0
6255,5.0
6256,3.0
6257,3.0
6258,3.0
6259,0.0
6260,2.0
6261,3.0
6262,3.0
6263,4.0
6264,4.0
6265,1.0
6266,2.0
6267,1.0
6268,3.0
6269,4.0
6270,2.0
6271,3.0
6272,5.0
6273,3.0
6274,2.0
6275,1.0
6276,5.0
6277,4.0
6278,4.0
6279,3.0
6280,4.0
6281,4.0
6282,2.0
6283,2.0
6284,4.0
6285,2.0
6286,4.0
6287,3.0
6288,3.0
6289,5.0
6290,3.0
6291,2.0
6292,4.0
6293,0.0
6294,3.0
6295,2.0
6296,3.0
6297,2.0
6298,4.0
6299,3.0
6300,2.0
6301,2.0
6302,2.0
6303,2.0
6304,4.0
6305,1.0
6306,3.0
6307,2.0
6308,1.0
6309,2.0
6310,3.0
6311,2.0
6312,3.0
6313,3.0
6314,4.0
6315,3.0
6316,2.0
6317,5.0
6318,4.0
6319,4.0
6320,2.0
6321,2.0
6322,1.0
6323,2.0
6324,2.0
6325,3.0
6326,3.0
6327,2.0
6328,4.0
6329,3.0
6330,4.0
6331,4.0
6332,4.0
6333,4.0
6334,1.0
6335,2.0
6336,2.0
6337,3.0
6338,3.0
6339,2.0
6340,4.0
6341,3.0
6342,3.0
6343,4.0
6344,4.0
6345,3.0
6346,3.0
6347,2.0
6348,2.0
6349,3.0
6350,5.0
6351,4.0
6352,2.0
6353,3.0
6354,1.0
6355,4.0
6356,3.0
6357,3.0
6358,4.0
6359,5.0
6360,2.0
6361,2.0
6362,4.0
6363,4.0
6364,4.0
6365,2.0
6366,4.0
6367,3.0
6368,2.0
6369,3.0
6370,2.0
6371,3.0
6372,3.0
6373,0.0
6374,4.0
6375,5.0
6376,2.0
6377,2.0
6378,3.0
6379,4.0
6380,4.0
6381,5.0
6382,4.0
6383,2.0
6384,3.0
6385,5.0
6386,4.0
6387,3.0
6388,3.0
6389,4.0
6390,3.0
6391,2.0
6392,2.0
6393,3.0
6394,3.0
6395,4.0
6396,4.0
6397,3.0
6398,3.0
6399,5.0
6400,3.0
6401,4.0
6402,2.0
6403,5.0
6404,4.0
6405,2.0
6406,3.0
6407,4.0
6408,3.0
6409,2.0
6410,4.0
6411,5.0
6412,4.0
6413,3.0
6414,3.0
6415,4.0
6416,3.0
6417,3.0
6418,2.0
6419,5.0
6420,0.0
6421,3.0
6422,3.0
6423,4.0
6424,2.0
6425,4.0
6426,1.0
6427,3.0
6428,2.0
6429,5.0
6430,4.0
6431,4.0
6432,4.0
6433,4.0
6434,2.0
6435,4.0
6436,2.0
6437,3.0
6438,3.0
6439,1.0
6440,3.0
6441,4.0
6442,3.0
6443,4.0
6444,5.0
6445,2.0
6446,3.0
6447,2.0
6448,3.0
6449,2.0
6450,3.0
6451,3.0
6452,2.0
6453,4.0
6454,4.0
6455,2.0
6456,3.0
6457,3.0
6458,3.0
6459,4.0
6460,2.0
6461,3.0
6462,3.0
6463,2.0
6464,3.0
6465,3.0
6466,3.0
6467,1.0
6468,4.0
6469,2.0
6470,2.0
6471,4.0
6472,2.0
6473,5.0
6474,4.0
6475,3.0
6476,4.0
6477,2.0
6478,5.0
6479,2.0
6480,5.0
6481,3.0
6482,3.0
6483,3.0
6484,5.0
6485,4.0
6486,5.0
6487,3.0
6488,4.0
6489,3.0
6490,1.0
6491,3.0
6492,2.0
6493,2.0
6494,3.0
6495,3.0
6496,3.0
6497,3.0
6498,3.0
6499,4.0
6500,3.0
6501,2.0
6502,4.0
6503,1.0
6504,4.0
6505,2.0
6506,1.0
6507,3.0
6508,3.0
6509,5.0
6510,2.0
6511,1.0
6512,4.0
6513,3.0
6514,3.0
6515,2.0
6516,5.0
6517,4.0
6518,3.0
6519,2.0
6520,4.0
6521,4.0
6522,2.0
6523,3.0
6524,1.0
6525,4.0
6526,4.0
6527,4.0
6528,4.0
6529,2.0
6530,2.0
6531,3.0
6532,2.0
6533,4.0
6534,2.0
6535,4.0
6536,4.0
6537,2.0
6538,2.0
6539,2.0
6540,3.0
6541,4.0
6542,4.0
6543,2.0
6544,2.0
6545,4.0
6546,3.0
6547,2.0
6548,4.0
6549,2.0
6550,2.0
6551,4.0
6552,3.0
6553,3.0
6554,3.0
6555,5.0
6556,5.0
6557,3.0
6558,4.0
6559,3.0
6560,3.0
6561,4.0
6562,2.0
6563,3.0
6564,4.0
6565,4.0
6566,4.0
6567,2.0
6568,2.0
6569,2.0
6570,4.0
6571,4.0
6572,4.0
6573,4.0
6574,3.0
6575,3.0
6576,0.0
6577,4.0
6578,3.0
6579,3.0
6580,2.0
6581,4.0
6582,3.0
6583,3.0
6584,2.0
6585,4.0
6586,5.0
6587,3.0
6588,3.0
6589,4.0
6590,3.0
6591,2.0
6592,5.0
6593,4.0
6594,4.0
6595,2.0
6596,3.0
6597,3.0
6598,4.0
6599,4.0
6600,4.0
6601,3.0
6602,4.0
6603,4.0
6604,4.0
6605,4.0
6606,4.0
6607,3.0
6608,4.0
6609,1.0
6610,4.0
6611,3.0
6612,4.0
6613,4.0
6614,2.0
6615,2.0
6616,2.0
6617,2.0
6618,3.0
6619,4.0
6620,2.0
6621,1.0
6622,3.0
6623,2.0
6624,4.0
6625,4.0
6626,1.0
6627,3.0
6628,3.0
6629,2.0
6630,3.0
6631,5.0
6632,5.0
6633,4.0
6634,2.0
6635,4.0
6636,5.0
6637,2.0
6638,3.0
6639,4.0
6640,1.0
6641,2.0
6642,3.0
6643,3.0
6644,1.0
6645,3.0
6646,4.0
6647,4.0
6648,3.0
6649,2.0
6650,2.0
6651,3.0
6652,2.0
6653,2.0
6654,3.0
6655,5.0
6656,4.0
6657,4.0
6658,2.0
6659,2.0
6660,3.0
6661,3.0
6662,5.0
6663,3.0
6664,2.0
6665,3.0
6666,5.0
6667,2.0
6668,3.0
6669,3.0
6670,4.0
6671,4.0
6672,2.0
6673,0.0
6674,1.0
6675,4.0
6676,4.0
6677,4.0
6678,5.0
6679,1.0
6680,3.0
6681,5.0
6682,3.0
6683,5.0
6684,3.0
6685,1.0
6686,4.0
6687,2.0
6688,4.0
6689,3.0
6690,5.0
6691,3.0
6692,4.0
6693,3.0
6694,4.0
6695,1.0
6696,3.0
6697,5.0
6698,2.0
6699,3.0
6700,3.0
6701,3.0
6702,5.0
6703,4.0
6704,2.0
6705,1.0
6706,2.0
6707,3.0
6708,4.0
6709,4.0
6710,2.0
6711,2.0
6712,4.0
6713,5.0
6714,4.0
6715,3.0
6716,4.0
6717,4.0
6718,3.0
6719,4.0
6720,4.0
6721,4.0
6722,4.0
6723,3.0
6724,2.0
6725,2.0
6726,3.0
6727,3.0
6728,2.0
6729,4.0
6730,3.0
6731,3.0
6732,3.0
6733,2.0
6734,4.0
6735,2.0
6736,3.0
6737,2.0
6738,4.0
6739,4.0
6740,2.0
6741,3.0
6742,4.0
6743,2.0
6744,5.0
6745,2.0
6746,2.0
6747,2.0
6748,3.0
6749,3.0
6750,1.0
6751,4.0
6752,3.0
6753,4.0
6754,3.0
6755,3.0
6756,2.0
6757,2.0
6758,3.0
6759,2.0
6760,2.0
6761,4.0
6762,4.0
6763,2.0
6764,2.0
6765,3.0
6766,4.0
6767,2.0
6768,3.0
6769,4.0
6770,2.0
6771,5.0
6772,2.0
6773,3.0
6774,3.0
6775,4.0
6776,2.0
6777,3.0
6778,2.0
6779,4.0
6780,5.0
6781,3.0
6782,2.0
6783,4.0
6784,1.0
6785,3.0
6786,4.0
6787,4.0
6788,3.0
6789,2.0
6790,4.0
6791,5.0
6792,4.0
6793,2.0
6794,1.0
6795,2.0
6796,2.0
6797,2.0
6798,5.0
6799,5.0
6800,4.0
6801,1.0
6802,3.0
6803,3.0
6804,2.0
6805,4.0
6806,2.0
6807,3.0
6808,4.0
6809,4.0
6810,5.0
6811,1.0
6812,5.0
6813,3.0
6814,4.0
6815,5.0
6816,3.0
6817,3.0
6818,0.0
6819,4.0
6820,4.0
6821,2.0
6822,4.0
6823,2.0
6824,5.0
6825,2.0
6826,3.0
6827,2.0
6828,2.0
6829,1.0
6830,4.0
6831,1.0
6832,5.0
6833,3.0
6834,4.0
6835,3.0
6836,3.0
6837,4.0
6838,4.0
6839,0.0
6840,1.0
6841,3.0
6842,2.0
6843,3.0
6844,5.0
6845,4.0
6846,5.0
6847,3.0
6848,2.0
6849,2.0
6850,2.0
6851,4.0
6852,3.0
6853,2.0
6854,5.0
6855,4.0
6856,1.0
6857,1.0
6858,2.0
6859,4.0
6860,2.0
6861,4.0
6862,5.0
6863,3.0
6864,3.0
6865,5.0
6866,3.0
6867,5.0
6868,2.0
6869,4.0
6870,4.0
6871,3.0
6872,4.0
6873,2.0
6874,4.0
6875,3.0
6876,1.0
6877,3.0
6878,3.0
6879,3.0
6880,2.0
6881,2.0
6882,4.0
6883,3.0
6884,4.0
6885,2.0
6886,3.0
6887,3.0
6888,5.0
6889,3.0
6890,4.0
6891,2.0
6892,3.0
6893,4.0
6894,3.0
6895,4.0
6896,2.0
6897,2.0
6898,3.0
6899,3.0
6900,4.0
6901,2.0
6902,2.0
6903,3.0
6904,4.0
6905,4.0
6906,4.0
6907,5.0
6908,2.0
6909,3.0
6910,3.0
6911,4.0
6912,3.0
6913,5.0
6914,3.0
6915,5.0
6916,3.0
6917,5.0
6918,2.0
6919,2.0
6920,3.0
6921,3.0
6922,4.0
6923,2.0
6924,3.0
6925,4.0
6926,3.0
6927,1.0
6928,5.0
6929,4.0
6930,2.0
6931,2.0
6932,2.0
6933,4.0
6934,4.0
6935,2.0
6936,2.0
6937,5.0
6938,1.0
6939,4.0
6940,2.0
6941,4.0
6942,3.0
6943,5.0
6944,4.0
6945,2.0
6946,3.0
6947,2.0
6948,1.0
6949,2.0
6950,1.0
6951,3.0
6952,4.0
6953,3.0
6954,4.0
6955,3.0
6956,2.0
6957,2.0
6958,3.0
6959,2.0
6960,3.0
6961,1.0
6962,4.0
6963,3.0
6964,3.0
6965,3.0
6966,4.0
6967,4.0
6968,1.0
6969,2.0
6970,0.0
6971,3.0
6972,3.0
6973,4.0
6974,4.0
6975,1.0
6976,2.0
6977,5.0
6978,3.0
6979,4.0
6980,3.0
6981,3.0
6982,2.0
6983,5.0
6984,2.0
6985,0.0
6986,2.0
6987,2.0
6988,1.0
6989,3.0
6990,4.0
6991,3.0
6992,4.0
6993,3.0
6994,2.0
6995,3.0
6996,2.0
6997,4.0
6998,5.0
6999,5.0
7000,1.0
7001,4.0
7002,3.0
7003,3.0
7004,3.0
7005,2.0
7006,3.0
7007,5.0
7008,3.0
7009,1.0
7010,4.0
7011,3.0
7012,4.0
7013,3.0
7014,4.0
7015,1.0
7016,4.0
7017,3.0
7018,3.0
7019,3.0
7020,3.0
7021,5.0
7022,1.0
7023,1.0
7024,4.0
7025,2.0
7026,3.0
7027,2.0
7028,4.0
7029,3.0
7030,5.0
7031,1.0
7032,3.0
7033,3.0
7034,0.0
7035,3.0
7036,2.0
7037,5.0
7038,5.0
7039,2.0
7040,2.0
7041,4.0
7042,4.0
7043,5.0
7044,5.0
7045,3.0
7046,5.0
7047,2.0
7048,2.0
7049,2.0
7050,5.0
7051,4.0
7052,2.0
7053,2.0
7054,3.0
7055,4.0
7056,4.0
7057,3.0
7058,3.0
7059,2.0
7060,3.0
7061,3.0
7062,4.0
7063,2.0
7064,2.0
7065,4.0
7066,0.0
7067,3.0
7068,2.0
7069,3.0
7070,1.0
7071,3.0
7072,0.0
7073,3.0
7074,3.0
7075,3.0
7076,4.0
7077,4.0
7078,3.0
7079,3.0
7080,3.0
7081,4.0
7082,2.0
7083,3.0
7084,3.0
7085,4.0
7086,3.0
7087,2.0
7088,5.0
7089,2.0
7090,2.0
7091,5.0
7092,4.0
7093,2.0
7094,4.0
7095,4.0
7096,1.0
7097,5.0
7098,4.0
7099,4.0
7100,4.0
7101,3.0
7102,0.0
7103,2.0
7104,3.0
7105,2.0
7106,3.0
7107,2.0
7108,2.0
7109,2.0
7110,2.0
7111,5.0
7112,4.0
7113,3.0
7114,2.0
7115,1.0
7116,2.0
7117,2.0
7118,3.0
7119,4.0
7120,5.0
7121,3.0
7122,3.0
7123,2.0
7124,3.0
7125,3.0
7126,4.0
7127,4.0
7128,3.0
7129,3.0
7130,3.0
7131,3.0
7132,1.0
7133,3.0
7134,4.0
7135,3.0
7136,4.0
7137,4.0
7138,3.0
7139,4.0
7140,5.0
7141,3.0
7142,2.0
7143,5.0
7144,3.0
7145,3.0
7146,2.0
7147,1.0
7148,1.0
7149,2.0
7150,3.0
7151,3.0
7152,1.0
7153,3.0
7154,3.0
7155,3.0
7156,2.0
7157,4.0
7158,3.0
7159,4.0
7160,4.0
7161,1.0
7162,4.0
7163,4.0
7164,1.0
7165,4.0
7166,3.0
7167,5.0
7168,3.0
7169,3.0
7170,5.0
7171,2.0
7172,4.0
7173,4.0
7174,4.0
7175,4.0
7176,4.0
7177,4.0
7178,1.0
7179,5.0
7180,3.0
7181,3.0
7182,4.0
7183,2.0
7184,3.0
7185,3.0
7186,4.0
7187,5.0
7188,3.0
7189,4.0
7190,4.0
7191,3.0
7192,5.0
7193,2.0
7194,5.0
7195,3.0
7196,4.0
7197,3.0
7198,3.0
7199,3.0
7200,3.0
7201,4.0
7202,2.0
7203,5.0
7204,3.0
7205,2.0
7206,3.0
7207,4.0
7208,3.0
7209,5.0
7210,3.0
7211,2.0
7212,4.0
7213,2.0
7214,5.0
7215,3.0
7216,3.0
7217,4.0
7218,4.0
7219,3.0
7220,5.0
7221,3.0
7222,4.0
7223,3.0
7224,4.0
7225,2.0
7226,1.0
7227,4.0
7228,1.0
7229,5.0
7230,3.0
7231,4.0
7232,4.0
7233,3.0
7234,2.0
7235,3.0
7236,3.0
7237,4.0
7238,4.0
7239,3.0
7240,4.0
7241,4.0
7242,2.0
7243,4.0
7244,2.0
7245,4.0
7246,1.0
7247,4.0
7248,2.0
7249,3.0
7250,3.0
7251,3.0
7252,5.0
7253,3.0
7254,4.0
7255,3.0
7256,4.0
7257,3.0
7258,2.0
7259,2.0
7260,4.0
7261,4.0
7262,3.0
7263,2.0
7264,2.0
7265,5.0
7266,5.0
7267,3.0
7268,4.0
7269,4.0
7270,3.0
7271,3.0
7272,1.0
7273,4.0
7274,3.0
7275,3.0
7276,2.0
7277,1.0
7278,2.0
7279,4.0
7280,4.0
7281,3.0
7282,3.0
7283,3.0
7284,4.0
7285,4.0
7286,3.0
7287,4.0
7288,3.0
7289,3.0
7290,4.0
7291,3.0
7292,1.0
7293,3.0
7294,3.0
7295,3.0
7296,3.0
7297,4.0
7298,2.0
7299,3.0
7300,2.0
7301,2.0
7302,3.0
7303,1.0
7304,3.0
7305,3.0
7306,2.0
7307,4.0
7308,4.0
7309,2.0
7310,2.0
7311,4.0
7312,3.0
7313,3.0
7314,4.0
7315,3.0
7316,5.0
7317,2.0
7318,5.0
7319,5.0
7320,3.0
7321,2.0
7322,4.0
7323,2.0
7324,1.0
7325,4.0
7326,4.0
7327,3.0
7328,5.0
7329,1.0
7330,5.0
7331,4.0
7332,4.0
7333,3.0
7334,4.0
7335,4.0
7336,4.0
7337,4.0
7338,4.0
7339,2.0
7340,1.0
7341,4.0
7342,2.0
7343,3.0
7344,2.0
7345,3.0
7346,3.0
7347,3.0
7348,2.0
7349,2.0
7350,1.0
7351,3.0
7352,3.0
7353,3.0
7354,4.0
7355,4.0
7356,3.0
7357,4.0
7358,3.0
7359,2.0
7360,5.0
7361,4.0
7362,4.0
7363,1.0
7364,3.0
7365,3.0
7366,3.0
7367,4.0
7368,4.0
7369,4.0
7370,4.0
7371,3.0
7372,4.0
7373,4.0
7374,4.0
7375,3.0
7376,3.0
7377,3.0
7378,3.0
7379,3.0
7380,2.0
7381,2.0
7382,3.0
7383,2.0
7384,4.0
7385,2.0
7386,1.0
7387,1.0
7388,5.0
7389,3.0
7390,1.0
7391,4.0
7392,2.0
7393,3.0
7394,2.0
7395,2.0
7396,3.0
7397,2.0
7398,3.0
7399,4.0
7400,3.0
7401,3.0
7402,4.0
7403,2.0
7404,5.0
7405,2.0
7406,3.0
7407,4.0
7408,5.0
7409,2.0
7410,4.0
7411,3.0
7412,4.0
7413,3.0
7414,3.0
7415,3.0
7416,5.0
7417,4.0
7418,1.0
7419,2.0
7420,3.0
7421,3.0
7422,4.0
7423,3.0
7424,1.0
7425,5.0
7426,3.0
7427,3.0
7428,5.0
7429,2.0
7430,3.0
7431,4.0
7432,2.0
7433,2.0
7434,4.0
7435,2.0
7436,4.0
7437,4.0
7438,5.0
7439,2.0
7440,4.0
7441,3.0
7442,1.0
7443,3.0
7444,2.0
7445,3.0
7446,4.0
7447,2.0
7448,1.0
7449,2.0
7450,3.0
7451,4.0
7452,1.0
7453,4.0
7454,5.0
7455,4.0
7456,3.0
7457,3.0
7458,3.0
7459,3.0
7460,2.0
7461,4.0
7462,4.0
7463,3.0
7464,2.0
7465,4.0
7466,3.0
7467,0.0
7468,3.0
7469,3.0
7470,2.0
7471,2.0
7472,2.0
7473,2.0
7474,3.0
7475,3.0
7476,4.0
7477,3.0
7478,3.0
7479,3.0
7480,3.0
7481,3.0
7482,4.0
7483,5.0
7484,4.0
7485,2.0
7486,2.0
7487,4.0
7488,2.0
7489,4.0
7490,2.0
7491,4.0
7492,3.0
7493,4.0
7494,4.0
7495,2.0
7496,3.0
7497,4.0
7498,1.0
7499,0.0
7500,3.0
7501,4.0
7502,4.0
7503,2.0
7504,5.0
7505,5.0
7506,5.0
7507,3.0
7508,4.0
7509,3.0
7510,4.0
7511,2.0
7512,3.0
7513,3.0
7514,3.0
7515,3.0
7516,3.0
7517,5.0
7518,4.0
7519,2.0
7520,4.0
7521,2.0
7522,4.0
7523,2.0
7524,3.0
7525,5.0
7526,4.0
7527,5.0
7528,4.0
7529,3.0
7530,1.0
7531,4.0
7532,3.0
7533,4.0
7534,3.0
7535,3.0
7536,3.0
7537,3.0
7538,2.0
7539,1.0
7540,3.0
7541,3.0
7542,3.0
7543,4.0
7544,3.0
7545,2.0
7546,3.0
7547,3.0
7548,4.0
7549,4.0
7550,3.0
7551,3.0
7552,4.0
7553,4.0
7554,3.0
7555,1.0
7556,4.0
7557,4.0
7558,4.0
7559,4.0
7560,3.0
7561,4.0
7562,3.0
7563,3.0
7564,3.0
7565,5.0
7566,3.0
7567,2.0
7568,4.0
7569,4.0
7570,3.0
7571,5.0
7572,3.0
7573,3.0
7574,3.0
7575,4.0
7576,4.0
7577,3.0
7578,2.0
7579,3.0
7580,5.0
7581,5.0
7582,3.0
7583,4.0
7584,3.0
7585,4.0
7586,2.0
7587,4.0
7588,3.0
7589,3.0
7590,4.0
7591,4.0
7592,2.0
7593,3.0
7594,3.0
7595,4.0
7596,2.0
7597,3.0
7598,2.0
7599,4.0
7600,3.0
7601,3.0
7602,2.0
7603,3.0
7604,4.0
7605,3.0
7606,2.0
7607,3.0
7608,4.0
7609,1.0
7610,3.0
7611,5.0
7612,4.0
7613,5.0
7614,2.0
7615,3.0
7616,2.0
7617,4.0
7618,4.0
7619,2.0
7620,4.0
7621,2.0
7622,4.0
7623,3.0
7624,1.0
7625,3.0
7626,5.0
7627,4.0
7628,3.0
7629,4.0
7630,4.0
7631,3.0
7632,3.0
7633,3.0
7634,3.0
7635,3.0
7636,2.0
7637,5.0
7638,3.0
7639,4.0
7640,3.0
7641,3.0
7642,4.0
7643,2.0
7644,3.0
7645,3.0
7646,4.0
7647,3.0
7648,2.0
7649,3.0
7650,3.0
7651,3.0
7652,2.0
7653,4.0
7654,4.0
7655,4.0
7656,1.0
7657,3.0
7658,2.0
7659,2.0
7660,3.0
7661,4.0
7662,3.0
7663,3.0
7664,3.0
7665,3.0
7666,3.0
7667,3.0
7668,2.0
7669,1.0
7670,3.0
7671,3.0
7672,2.0
7673,3.0
7674,3.0
7675,2.0
7676,2.0
7677,1.0
7678,4.0
7679,3.0
7680,4.0
7681,3.0
7682,1.0
7683,5.0
7684,4.0
7685,3.0
7686,3.0
7687,4.0
7688,2.0
7689,2.0
7690,3.0
7691,4.0
7692,3.0
7693,4.0
7694,4.0
7695,3.0
7696,4.0
7697,4.0
7698,5.0
7699,3.0
7700,2.0
7701,2.0
7702,2.0
7703,1.0
7704,3.0
7705,2.0
7706,4.0
7707,4.0
7708,4.0
7709,4.0
7710,2.0
7711,3.0
7712,3.0
7713,2.0
7714,1.0
7715,4.0
7716,2.0
7717,3.0
7718,4.0
7719,3.0
7720,2.0
7721,3.0
7722,3.0
7723,3.0
7724,2.0
7725,5.0
7726,1.0
7727,2.0
7728,3.0
7729,3.0
7730,4.0
7731,2.0
7732,4.0
7733,4.0
7734,3.0
7735,3.0
7736,5.0
7737,4.0
7738,3.0
7739,3.0
7740,4.0
7741,3.0
7742,4.0
7743,3.0
7744,4.0
7745,3.0
7746,2.0
7747,3.0
7748,4.0
7749,2.0
7750,5.0
7751,1.0
7752,3.0
7753,3.0
7754,3.0
7755,3.0
7756,3.0
7757,3.0
7758,3.0
7759,2.0
7760,3.0
7761,3.0
7762,3.0
7763,3.0
7764,3.0
7765,2.0
7766,4.0
7767,3.0
7768,5.0
7769,4.0
7770,4.0
7771,2.0
7772,3.0
7773,4.0
7774,2.0
7775,4.0
7776,2.0
7777,2.0
7778,5.0
7779,4.0
7780,2.0
7781,1.0
7782,5.0
7783,3.0
7784,4.0
7785,3.0
7786,3.0
7787,3.0
7788,3.0
7789,1.0
7790,2.0
7791,2.0
7792,2.0
7793,3.0
7794,4.0
7795,3.0
7796,2.0
7797,1.0
7798,4.0
7799,2.0
7800,4.0
7801,3.0
7802,2.0
7803,5.0
7804,4.0
7805,4.0
7806,3.0
7807,3.0
7808,1.0
7809,4.0
7810,3.0
7811,2.0
7812,3.0
7813,5.0
7814,4.0
7815,4.0
7816,2.0
7817,2.0
7818,4.0
7819,3.0
7820,2.0
7821,4.0
7822,5.0
7823,4.0
7824,3.0
7825,3.0
7826,2.0
7827,3.0
7828,4.0
7829,3.0
7830,5.0
7831,2.0
7832,2.0
7833,3.0
7834,2.0
7835,3.0
7836,3.0
7837,4.0
7838,3.0
7839,2.0
7840,3.0
7841,4.0
7842,4.0
7843,4.0
7844,4.0
7845,4.0
7846,2.0
7847,4.0
7848,2.0
7849,3.0
7850,1.0
7851,2.0
7852,4.0
7853,5.0
7854,4.0
7855,3.0
7856,1.0
7857,5.0
7858,4.0
7859,4.0
7860,3.0
7861,3.0
7862,2.0
7863,2.0
7864,3.0
7865,2.0
7866,3.0
7867,4.0
7868,3.0
7869,2.0
7870,2.0
7871,5.0
7872,3.0
7873,4.0
7874,4.0
7875,4.0
7876,3.0
7877,3.0
7878,3.0
7879,4.0
7880,4.0
7881,2.0
7882,3.0
7883,2.0
7884,3.0
7885,5.0
7886,2.0
7887,4.0
7888,2.0
7889,4.0
7890,2.0
7891,3.0
7892,3.0
7893,3.0
7894,4.0
7895,4.0
7896,1.0
7897,4.0
7898,5.0
7899,2.0
7900,1.0
7901,5.0
7902,2.0
7903,2.0
7904,4.0
7905,4.0
7906,1.0
7907,3.0
7908,3.0
7909,5.0
7910,1.0
7911,4.0
7912,3.0
7913,5.0
7914,3.0
7915,2.0
7916,3.0
7917,2.0
7918,3.0
7919,2.0
7920,3.0
7921,3.0
7922,3.0
7923,2.0
7924,5.0
7925,3.0
7926,3.0
7927,4.0
7928,3.0
7929,3.0
7930,4.0
7931,4.0
7932,2.0
7933,2.0
7934,5.0
7935,2.0
7936,4.0
7937,4.0
7938,3.0
7939,2.0
7940,1.0
7941,4.0
7942,4.0
7943,2.0
7944,3.0
7945,3.0
7946,4.0
7947,3.0
7948,3.0
7949,3.0
7950,5.0
7951,2.0
7952,2.0
7953,4.0
7954,4.0
7955,3.0
7956,3.0
7957,4.0
7958,2.0
7959,2.0
7960,4.0
7961,1.0
7962,5.0
7963,3.0
7964,5.0
7965,4.0
7966,1.0
7967,3.0
7968,4.0
7969,4.0
7970,3.0
7971,3.0
7972,3.0
7973,3.0
7974,3.0
7975,3.0
7976,5.0
7977,2.0
7978,4.0
7979,3.0
7980,3.0
7981,4.0
7982,4.0
7983,5.0
7984,2.0
7985,2.0
7986,4.0
7987,3.0
7988,1.0
7989,2.0
7990,5.0
7991,2.0
7992,5.0
7993,3.0
7994,3.0
7995,3.0
7996,5.0
7997,3.0
7998,4.0
7999,3.0
8000,2.0
8001,3.0
8002,4.0
8003,0.0
8004,2.0
8005,3.0
8006,3.0
8007,4.0
8008,3.0
8009,4.0
8010,3.0
8011,4.0
8012,2.0
8013,3.0
8014,3.0
8015,4.0
8016,3.0
8017,0.0
8018,4.0
8019,2.0
8020,2.0
8021,3.0
8022,3.0
8023,5.0
8024,2.0
8025,2.0
8026,3.0
8027,4.0
8028,3.0
8029,3.0
8030,3.0
8031,3.0
8032,5.0
8033,3.0
8034,4.0
8035,3.0
8036,4.0
8037,2.0
8038,2.0
8039,2.0
8040,4.0
8041,3.0
8042,3.0
8043,5.0
8044,4.0
8045,3.0
8046,2.0
8047,1.0
8048,3.0
8049,2.0
8050,4.0
8051,3.0
8052,5.0
8053,1.0
8054,2.0
8055,4.0
8056,5.0
8057,2.0
8058,2.0
8059,4.0
8060,1.0
8061,4.0
8062,2.0
8063,2.0
8064,4.0
8065,5.0
8066,2.0
8067,2.0
8068,3.0
8069,3.0
8070,4.0
8071,4.0
8072,3.0
8073,1.0
8074,3.0
8075,2.0
8076,2.0
8077,1.0
8078,3.0
8079,4.0
8080,2.0
8081,4.0
8082,4.0
8083,3.0
8084,3.0
8085,3.0
8086,2.0
8087,3.0
8088,3.0
8089,1.0
8090,2.0
8091,3.0
8092,4.0
8093,4.0
8094,2.0
8095,4.0
8096,5.0
8097,3.0
8098,3.0
8099,3.0
8100,3.0
8101,4.0
8102,4.0
8103,2.0
8104,4.0
8105,3.0
8106,3.0
8107,3.0
8108,5.0
8109,0.0
8110,3.0
8111,1.0
8112,2.0
8113,5.0
8114,4.0
8115,3.0
8116,2.0
8117,3.0
8118,2.0
8119,2.0
8120,1.0
8121,2.0
8122,2.0
8123,2.0
8124,5.0
8125,3.0
8126,3.0
8127,1.0
8128,5.0
8129,2.0
8130,4.0
8131,4.0
8132,3.0
8133,4.0
8134,2.0
8135,4.0
8136,3.0
8137,4.0
8138,3.0
8139,2.0
8140,3.0
8141,4.0
8142,4.0
8143,3.0
8144,4.0
8145,4.0
8146,3.0
8147,5.0
8148,3.0
8149,2.0
8150,4.0
8151,3.0
8152,3.0
8153,3.0
8154,3.0
8155,4.0
8156,4.0
8157,3.0
8158,2.0
8159,3.0
8160,4.0
8161,3.0
8162,4.0
8163,2.0
8164,3.0
8165,2.0
8166,3.0
8167,3.0
8168,3.0
8169,3.0
8170,3.0
8171,2.0
8172,2.0
8173,4.0
8174,3.0
8175,4.0
8176,3.0
8177,3.0
8178,4.0
8179,4.0
8180,5.0
8181,3.0
8182,3.0
8183,2.0
8184,4.0
8185,3.0
8186,3.0
8187,1.0
8188,2.0
8189,2.0
8190,3.0
8191,5.0
8192,3.0
8193,3.0
8194,5.0
8195,4.0
8196,1.0
8197,3.0
8198,3.0
8199,2.0
8200,1.0
8201,4.0
8202,1.0
8203,3.0
8204,3.0
8205,5.0
8206,2.0
8207,5.0
8208,1.0
8209,2.0
8210,3.0
8211,4.0
8212,3.0
8213,4.0
8214,5.0
8215,3.0
8216,3.0
8217,3.0
8218,1.0
8219,3.0
8220,3.0
8221,4.0
8222,3.0
8223,4.0
8224,3.0
8225,3.0
8226,4.0
8227,4.0
8228,2.0
8229,3.0
8230,5.0
8231,2.0
8232,3.0
8233,3.0
8234,3.0
8235,2.0
8236,3.0
8237,1.0
8238,4.0
8239,5.0
8240,3.0
8241,2.0
8242,3.0
8243,3.0
8244,2.0
8245,2.0
8246,3.0
8247,3.0
8248,0.0
8249,3.0
8250,4.0
8251,4.0
8252,3.0
8253,1.0
8254,4.0
8255,3.0
8256,3.0
8257,2.0
8258,2.0
8259,3.0
8260,2.0
8261,3.0
8262,3.0
8263,3.0
8264,4.0
8265,2.0
8266,3.0
8267,3.0
8268,3.0
8269,2.0
8270,2.0
8271,4.0
8272,3.0
8273,4.0
8274,3.0
8275,2.0
8276,3.0
8277,3.0
8278,1.0
8279,2.0
8280,4.0
8281,3.0
8282,5.0
8283,2.0
8284,3.0
8285,4.0
8286,3.0
8287,3.0
8288,2.0
8289,3.0
8290,2.0
8291,2.0
8292,4.0
8293,3.0
8294,2.0
8295,0.0
8296,2.0
8297,2.0
8298,3.0
8299,3.0
8300,3.0
8301,3.0
8302,4.0
8303,3.0
8304,2.0
8305,0.0
8306,4.0
8307,3.0
8308,3.0
8309,4.0
8310,3.0
8311,5.0
8312,2.0
8313,4.0
8314,3.0
8315,3.0
8316,3.0
8317,2.0
8318,2.0
8319,2.0
8320,4.0
8321,4.0
8322,1.0
8323,1.0
8324,2.0
8325,2.0
8326,3.0
8327,3.0
8328,2.0
8329,1.0
8330,3.0
8331,3.0
8332,4.0
8333,3.0
8334,4.0
8335,3.0
8336,4.0
8337,3.0
8338,4.0
8339,1.0
8340,4.0
8341,4.0
8342,3.0
8343,4.0
8344,4.0
8345,3.0
8346,3.0
8347,1.0
8348,3.0
8349,2.0
8350,4.0
8351,2.0
8352,4.0
8353,5.0
8354,2.0
8355,3.0
8356,5.0
8357,3.0
8358,4.0
8359,2.0
8360,4.0
8361,4.0
8362,3.0
8363,1.0
8364,2.0
8365,3.0
8366,3.0
8367,4.0
8368,4.0
8369,3.0
8370,2.0
8371,4.0
8372,4.0
8373,2.0
8374,4.0
8375,3.0
8376,2.0
8377,3.0
8378,2.0
8379,2.0
8380,2.0
8381,1.0
8382,3.0
8383,3.0
8384,4.0
8385,5.0
8386,4.0
8387,3.0
8388,3.0
8389,4.0
8390,4.0
8391,4.0
8392,4.0
8393,3.0
8394,2.0
8395,2.0
8396,3.0
8397,1.0
8398,0.0
8399,2.0
8400,4.0
8401,3.0
8402,3.0
8403,5.0
8404,2.0
8405,4.0
8406,2.0
8407,3.0
8408,5.0
8409,1.0
8410,4.0
8411,2.0
8412,4.0
8413,3.0
8414,4.0
8415,3.0
8416,3.0
8417,3.0
8418,5.0
8419,3.0
8420,2.0
8421,1.0
8422,1.0
8423,3.0
8424,2.0
8425,3.0
8426,4.0
8427,3.0
8428,3.0
8429,2.0
8430,4.0
8431,4.0
8432,2.0
8433,3.0
8434,3.0
8435,3.0
8436,3.0
8437,4.0
8438,1.0
8439,5.0
8440,5.0
8441,4.0
8442,2.0
8443,3.0
8444,3.0
8445,4.0
8446,2.0
8447,3.0
8448,4.0
8449,4.0
8450,4.0
8451,1.0
8452,3.0
8453,3.0
8454,3.0
8455,3.0
8456,3.0
8457,2.0
8458,5.0
8459,4.0
8460,2.0
8461,3.0
8462,3.0
8463,4.0
8464,3.0
8465,3.0
8466,4.0
8467,3.0
8468,4.0
8469,4.0
8470,3.0
8471,4.0
8472,3.0
8473,4.0
8474,4.0
8475,2.0
8476,4.0
8477,3.0
8478,3.0
8479,3.0
8480,4.0
8481,3.0
8482,2.0
8483,2.0
8484,2.0
8485,4.0
8486,3.0
8487,4.0
8488,4.0
8489,4.0
8490,4.0
8491,4.0
8492,3.0
8493,2.0
8494,4.0
8495,4.0
8496,4.0
8497,2.0
8498,3.0
8499,3.0
8500,5.0
8501,4.0
8502,4.0
8503,3.0
8504,5.0
8505,5.0
8506,4.0
8507,3.0
8508,3.0
8509,4.0
8510,2.0
8511,3.0
8512,3.0
8513,3.0
8514,2.0
8515,3.0
8516,4.0
8517,3.0
8518,2.0
8519,3.0
8520,4.0
8521,4.0
8522,3.0
8523,2.0
8524,1.0
8525,4.0
8526,3.0
8527,4.0
8528,1.0
8529,5.0
8530,4.0
8531,3.0
8532,3.0
8533,2.0
8534,5.0
8535,4.0
8536,5.0
8537,3.0
8538,1.0
8539,3.0
8540,3.0
8541,2.0
8542,3.0
8543,4.0
8544,3.0
8545,3.0
8546,2.0
8547,3.0
8548,3.0
8549,2.0
8550,3.0
8551,4.0
8552,2.0
8553,2.0
8554,3.0
8555,2.0
8556,2.0
8557,4.0
8558,4.0
8559,4.0
8560,5.0
8561,3.0
8562,4.0
8563,5.0
8564,2.0
8565,4.0
8566,1.0
8567,3.0
8568,2.0
8569,3.0
8570,5.0
8571,4.0
8572,3.0
8573,4.0
8574,3.0
8575,2.0
8576,3.0
8577,2.0
8578,2.0
8579,1.0
8580,1.0
8581,3.0
8582,2.0
8583,0.0
8584,1.0
8585,4.0
8586,4.0
8587,3.0
8588,3.0
8589,3.0
8590,4.0
8591,3.0
8592,3.0
8593,2.0
8594,2.0
8595,4.0
8596,4.0
8597,3.0
8598,2.0
8599,1.0
8600,1.0
8601,4.0
8602,2.0
8603,3.0
8604,3.0
8605,2.0
8606,4.0
8607,3.0
8608,5.0
8609,2.0
8610,3.0
8611,1.0
8612,3.0
8613,4.0
8614,3.0
8615,5.0
8616,3.0
8617,2.0
8618,1.0
8619,4.0
8620,4.0
8621,3.0
8622,2.0
8623,2.0
8624,4.0
8625,3.0
8626,4.0
8627,3.0
8628,3.0
8629,4.0
8630,3.0
8631,1.0
8632,5.0
8633,2.0
8634,5.0
8635,2.0
8636,2.0
8637,4.0
8638,4.0
8639,4.0
8640,3.0
8641,4.0
8642,2.0
8643,3.0
8644,4.0
8645,3.0
8646,2.0
8647,1.0
8648,5.0
8649,1.0
8650,5.0
8651,2.0
8652,3.0
8653,4.0
8654,2.0
8655,2.0
8656,1.0
8657,4.0
8658,3.0
8659,1.0
8660,2.0
8661,3.0
8662,4.0
8663,1.0
8664,5.0
8665,4.0
8666,4.0
8667,3.0
8668,4.0
8669,4.0
8670,3.0
8671,3.0
8672,3.0
8673,3.0
8674,5.0
8675,3.0
8676,4.0
8677,1.0
8678,4.0
8679,5.0
8680,2.0
8681,1.0
8682,4.0
8683,3.0
8684,2.0
8685,5.0
8686,4.0
8687,4.0
8688,2.0
8689,4.0
8690,3.0
8691,4.0
8692,2.0
8693,2.0
8694,4.0
8695,3.0
8696,3.0
8697,2.0
8698,2.0
8699,2.0
8700,4.0
8701,3.0
8702,5.0
8703,4.0
8704,3.0
8705,5.0
8706,3.0
8707,3.0
8708,3.0
8709,3.0
8710,3.0
8711,3.0
8712,1.0
8713,2.0
8714,2.0
8715,4.0
8716,2.0
8717,5.0
8718,2.0
8719,3.0
8720,3.0
8721,4.0
8722,5.0
8723,2.0
8724,3.0
8725,4.0
8726,4.0
8727,4.0
8728,3.0
8729,3.0
8730,3.0
8731,3.0
8732,4.0
8733,2.0
8734,4.0
8735,4.0
8736,4.0
8737,3.0
8738,2.0
8739,4.0
8740,4.0
8741,3.0
8742,5.0
8743,4.0
8744,4.0
8745,3.0
8746,0.0
8747,2.0
8748,4.0
8749,3.0
8750,2.0
8751,4.0
8752,4.0
8753,5.0
8754,3.0
8755,3.0
8756,4.0
8757,2.0
8758,3.0
8759,4.0
8760,4.0
8761,3.0
8762,3.0
8763,3.0
8764,4.0
8765,0.0
8766,3.0
8767,4.0
8768,3.0
8769,3.0
8770,3.0
8771,4.0
8772,2.0
8773,2.0
8774,3.0
8775,4.0
8776,2.0
8777,2.0
8778,2.0
8779,3.0
8780,3.0
8781,3.0
8782,5.0
8783,4.0
8784,4.0
8785,3.0
8786,4.0
8787,2.0
8788,0.0
8789,5.0
8790,2.0
8791,1.0
8792,4.0
8793,2.0
8794,1.0
8795,4.0
8796,3.0
8797,3.0
8798,5.0
8799,3.0
8800,2.0
8801,2.0
8802,3.0
8803,2.0
8804,2.0
8805,2.0
8806,2.0
8807,2.0
8808,4.0
8809,3.0
8810,2.0
8811,3.0
8812,3.0
8813,1.0
8814,4.0
8815,5.0
8816,3.0
8817,3.0
8818,4.0
8819,4.0
8820,4.0
8821,3.0
8822,3.0
8823,3.0
8824,4.0
8825,3.0
8826,2.0
8827,4.0
8828,3.0
8829,4.0
8830,2.0
8831,5.0
8832,2.0
8833,3.0
8834,3.0
8835,1.0
8836,3.0
8837,5.0
8838,2.0
8839,1.0
8840,2.0
8841,5.0
8842,2.0
8843,4.0
8844,3.0
8845,2.0
8846,1.0
8847,2.0
8848,2.0
8849,4.0
8850,2.0
8851,4.0
8852,4.0
8853,5.0
8854,1.0
8855,5.0
8856,3.0
8857,2.0
8858,3.0
8859,3.0
8860,3.0
8861,2.0
8862,2.0
8863,5.0
8864,4.0
8865,5.0
8866,3.0
8867,3.0
8868,5.0
8869,2.0
8870,4.0
8871,5.0
8872,2.0
8873,3.0
8874,3.0
8875,2.0
8876,3.0
8877,5.0
8878,4.0
8879,2.0
8880,3.0
8881,4.0
8882,2.0
8883,3.0
8884,5.0
8885,2.0
8886,5.0
8887,4.0
8888,2.0
8889,3.0
8890,3.0
8891,3.0
8892,3.0
8893,2.0
8894,2.0
8895,3.0
8896,3.0
8897,3.0
8898,3.0
8899,4.0
8900,4.0
8901,5.0
8902,4.0
8903,4.0
8904,4.0
8905,2.0
8906,2.0
8907,2.0
8908,1.0
8909,2.0
8910,2.0
8911,1.0
8912,2.0
8913,4.0
8914,1.0
8915,3.0
8916,1.0
8917,3.0
8918,2.0
8919,3.0
8920,2.0
8921,5.0
8922,3.0
8923,2.0
8924,2.0
8925,4.0
8926,5.0
8927,5.0
8928,4.0
8929,3.0
8930,3.0
8931,3.0
8932,4.0
8933,3.0
8934,3.0
8935,2.0
8936,2.0
8937,3.0
8938,3.0
8939,1.0
8940,5.0
8941,3.0
8942,1.0
8943,1.0
8944,1.0
8945,1.0
8946,3.0
8947,2.0
8948,3.0
8949,4.0
8950,3.0
8951,2.0
8952,3.0
8953,3.0
8954,3.0
8955,3.0
8956,3.0
8957,2.0
8958,3.0
8959,3.0
8960,3.0
8961,3.0
8962,4.0
8963,3.0
8964,4.0
8965,4.0
8966,5.0
8967,5.0
8968,5.0
8969,4.0
8970,2.0
8971,2.0
8972,3.0
8973,4.0
8974,5.0
8975,5.0
8976,4.0
8977,5.0
8978,2.0
8979,3.0
8980,4.0
8981,4.0
8982,2.0
8983,3.0
8984,4.0
8985,3.0
8986,4.0
8987,3.0
8988,2.0
8989,3.0
8990,3.0
8991,4.0
8992,2.0
8993,2.0
8994,3.0
8995,2.0
8996,3.0
8997,4.0
8998,4.0
8999,4.0
9000,4.0
9001,0.0
9002,2.0
9003,2.0
9004,1.0
9005,3.0
9006,2.0
9007,3.0
9008,3.0
9009,3.0
9010,3.0
9011,2.0
9012,4.0
9013,2.0
9014,4.0
9015,3.0
9016,2.0
9017,4.0
9018,4.0
9019,5.0
9020,3.0
9021,4.0
9022,4.0
9023,5.0
9024,0.0
9025,2.0
9026,4.0
9027,2.0
9028,4.0
9029,4.0
9030,1.0
9031,3.0
9032,1.0
9033,3.0
9034,5.0
9035,3.0
9036,3.0
9037,4.0
9038,3.0
9039,4.0
9040,2.0
9041,4.0
9042,2.0
9043,4.0
9044,4.0
9045,4.0
9046,3.0
9047,3.0
9048,4.0
9049,2.0
9050,3.0
9051,3.0
9052,1.0
9053,2.0
9054,1.0
9055,4.0
9056,3.0
9057,2.0
9058,4.0
9059,4.0
9060,4.0
9061,3.0
9062,3.0
9063,4.0
9064,2.0
9065,3.0
9066,5.0
9067,2.0
9068,3.0
9069,5.0
9070,5.0
9071,3.0
9072,3.0
9073,3.0
9074,3.0
9075,1.0
9076,3.0
9077,1.0
9078,3.0
9079,2.0
9080,4.0
9081,1.0
9082,3.0
9083,4.0
9084,3.0
9085,3.0
9086,3.0
9087,3.0
9088,2.0
9089,2.0
9090,5.0
9091,2.0
9092,4.0
9093,2.0
9094,2.0
9095,4.0
9096,2.0
9097,4.0
9098,1.0
9099,4.0
9100,3.0
9101,4.0
9102,3.0
9103,3.0
9104,2.0
9105,2.0
9106,1.0
9107,3.0
9108,1.0
9109,2.0
9110,5.0
9111,2.0
9112,2.0
9113,4.0
9114,4.0
9115,2.0
9116,5.0
9117,4.0
9118,3.0
9119,3.0
9120,3.0
9121,4.0
9122,3.0
9123,3.0
9124,4.0
9125,2.0
9126,3.0
9127,3.0
9128,2.0
9129,5.0
9130,3.0
9131,2.0
9132,4.0
9133,4.0
9134,3.0
9135,5.0
9136,3.0
9137,4.0
9138,2.0
9139,3.0
9140,2.0
9141,5.0
9142,1.0
9143,3.0
9144,3.0
9145,4.0
9146,2.0
9147,4.0
9148,4.0
9149,2.0
9150,4.0
9151,2.0
9152,4.0
9153,3.0
9154,4.0
9155,2.0
9156,4.0
9157,3.0
9158,2.0
9159,2.0
9160,3.0
9161,4.0
9162,3.0
9163,1.0
9164,5.0
9165,3.0
9166,3.0
9167,3.0
9168,3.0
9169,3.0
9170,3.0
9171,3.0
9172,3.0
9173,3.0
9174,3.0
9175,3.0
9176,3.0
9177,3.0
9178,1.0
9179,4.0
9180,3.0
9181,4.0
9182,4.0
9183,2.0
9184,2.0
9185,2.0
9186,3.0
9187,3.0
9188,3.0
9189,4.0
9190,3.0
9191,4.0
9192,2.0
9193,2.0
9194,3.0
9195,3.0
9196,3.0
9197,2.0
9198,2.0
9199,4.0
9200,3.0
9201,3.0
9202,2.0
9203,5.0
9204,5.0
9205,5.0
9206,4.0
9207,3.0
9208,3.0
9209,5.0
9210,4.0
9211,4.0
9212,1.0
9213,2.0
9214,5.0
9215,4.0
9216,4.0
9217,3.0
9218,5.0
9219,4.0
9220,1.0
9221,4.0
9222,5.0
9223,3.0
9224,2.0
9225,5.0
9226,5.0
9227,2.0
9228,2.0
9229,2.0
9230,4.0
9231,3.0
9232,3.0
9233,5.0
9234,2.0
9235,3.0
9236,2.0
9237,5.0
9238,2.0
9239,2.0
9240,2.0
9241,3.0
9242,2.0
9243,2.0
9244,1.0
9245,3.0
9246,2.0
9247,3.0
9248,4.0
9249,4.0
9250,4.0
9251,2.0
9252,4.0
9253,2.0
9254,4.0
9255,4.0
9256,4.0
9257,5.0
9258,4.0
9259,4.0
9260,2.0
9261,4.0
9262,4.0
9263,3.0
9264,5.0
9265,3.0
9266,4.0
9267,3.0
9268,2.0
9269,4.0
9270,3.0
9271,4.0
9272,4.0
9273,5.0
9274,4.0
9275,2.0
9276,4.0
9277,5.0
9278,2.0
9279,3.0
9280,3.0
9281,5.0
9282,3.0
9283,2.0
9284,4.0
9285,3.0
9286,5.0
9287,4.0
9288,3.0
9289,3.0
9290,3.0
9291,4.0
9292,3.0
9293,3.0
9294,5.0
9295,2.0
9296,3.0
9297,3.0
9298,3.0
9299,3.0
9300,5.0
9301,3.0
9302,5.0
9303,3.0
9304,3.0
9305,1.0
9306,4.0
9307,2.0
9308,5.0
9309,4.0
9310,4.0
9311,5.0
9312,5.0
9313,1.0
9314,2.0
9315,4.0
9316,3.0
9317,3.0
9318,3.0
9319,2.0
9320,2.0
9321,2.0
9322,3.0
9323,3.0
9324,4.0
9325,3.0
9326,1.0
9327,5.0
9328,3.0
9329,3.0
9330,4.0
9331,5.0
9332,2.0
9333,5.0
9334,4.0
9335,4.0
9336,3.0
9337,4.0
9338,2.0
9339,4.0
9340,3.0
9341,2.0
9342,4.0
9343,2.0
9344,2.0
9345,2.0
9346,4.0
9347,3.0
9348,4.0
9349,4.0
9350,1.0
9351,2.0
9352,2.0
9353,2.0
9354,3.0
9355,2.0
9356,1.0
9357,2.0
9358,2.0
9359,4.0
9360,3.0
9361,4.0
9362,4.0
9363,4.0
9364,4.0
9365,2.0
9366,4.0
9367,1.0
9368,3.0
9369,4.0
9370,2.0
9371,3.0
9372,2.0
9373,3.0
9374,3.0
9375,4.0
9376,4.0
9377,2.0
9378,2.0
9379,2.0
9380,4.0
9381,2.0
9382,2.0
9383,4.0
9384,5.0
9385,2.0
9386,2.0
9387,3.0
9388,3.0
9389,2.0
9390,3.0
9391,4.0
9392,4.0
9393,3.0
9394,3.0
9395,3.0
9396,4.0
9397,4.0
9398,3.0
9399,4.0
9400,2.0
9401,3.0
9402,3.0
9403,5.0
9404,4.0
9405,3.0
9406,2.0
9407,1.0
9408,4.0
9409,4.0
9410,3.0
9411,3.0
9412,3.0
9413,3.0
9414,5.0
9415,3.0
9416,4.0
9417,4.0
9418,3.0
9419,3.0
9420,4.0
9421,4.0
9422,3.0
9423,3.0
9424,4.0
9425,2.0
9426,4.0
9427,3.0
9428,2.0
9429,3.0
9430,3.0
9431,4.0
9432,3.0
9433,3.0
9434,4.0
9435,2.0
9436,3.0
9437,3.0
9438,1.0
9439,4.0
9440,2.0
9441,4.0
9442,2.0
9443,3.0
9444,3.0
9445,4.0
9446,3.0
9447,3.0
9448,2.0
9449,3.0
9450,2.0
9451,4.0
9452,2.0
9453,4.0
9454,5.0
9455,3.0
9456,3.0
9457,2.0
9458,4.0
9459,3.0
9460,2.0
9461,4.0
9462,3.0
9463,4.0
9464,5.0
9465,2.0
9466,3.0
9467,5.0
9468,2.0
9469,2.0
9470,5.0
9471,4.0
9472,3.0
9473,4.0
9474,2.0
9475,2.0
9476,3.0
9477,3.0
9478,2.0
9479,3.0
9480,3.0
9481,3.0
9482,0.0
9483,2.0
9484,4.0
9485,4.0
9486,4.0
9487,5.0
9488,4.0
9489,2.0
9490,3.0
9491,2.0
9492,2.0
9493,3.0
9494,2.0
9495,4.0
9496,2.0
9497,3.0
9498,2.0
9499,5.0
9500,3.0
9501,3.0
9502,3.0
9503,3.0
9504,3.0
9505,4.0
9506,3.0
9507,3.0
9508,3.0
9509,1.0
9510,2.0
9511,3.0
9512,4.0
9513,3.0
9514,5.0
9515,4.0
9516,4.0
9517,2.0
9518,5.0
9519,4.0
9520,3.0
9521,4.0
9522,3.0
9523,2.0
9524,4.0
9525,1.0
9526,4.0
9527,2.0
9528,2.0
9529,4.0
9530,3.0
9531,4.0
9532,3.0
9533,1.0
9534,5.0
9535,3.0
9536,5.0
9537,2.0
9538,4.0
9539,1.0
9540,1.0
9541,5.0
9542,4.0
9543,2.0
9544,3.0
9545,2.0
9546,4.0
9547,4.0
9548,2.0
9549,4.0
9550,4.0
9551,3.0
9552,2.0
9553,1.0
9554,2.0
9555,4.0
9556,3.0
9557,3.0
9558,2.0
9559,2.0
9560,2.0
9561,4.0
9562,5.0
9563,4.0
9564,5.0
9565,4.0
9566,4.0
9567,2.0
9568,3.0
9569,4.0
9570,3.0
9571,2.0
9572,4.0
9573,3.0
9574,3.0
9575,3.0
9576,2.0
9577,3.0
9578,1.0
9579,3.0
9580,5.0
9581,3.0
9582,4.0
9583,3.0
9584,2.0
9585,3.0
9586,3.0
9587,5.0
9588,4.0
9589,1.0
9590,5.0
9591,5.0
9592,2.0
9593,2.0
9594,5.0
9595,4.0
9596,1.0
9597,1.0
9598,2.0
9599,2.0
9600,2.0
9601,4.0
9602,5.0
9603,1.0
9604,3.0
9605,2.0
9606,2.0
9607,5.0
9608,1.0
9609,4.0
9610,3.0
9611,3.0
9612,2.0
9613,4.0
9614,3.0
9615,3.0
9616,5.0
9617,5.0
9618,1.0
9619,1.0
9620,1.0
9621,4.0
9622,2.0
9623,3.0
9624,3.0
9625,3.0
9626,4.0
9627,2.0
9628,3.0
9629,4.0
9630,5.0
9631,2.0
9632,3.0
9633,3.0
9634,2.0
9635,3.0
9636,3.0
9637,2.0
9638,2.0
9639,3.0
9640,2.0
9641,3.0
9642,5.0
9643,4.0
9644,4.0
9645,4.0
9646,2.0
9647,2.0
9648,2.0
9649,3.0
9650,2.0
9651,3.0
9652,4.0
9653,4.0
9654,4.0
9655,5.0
9656,2.0
9657,2.0
9658,4.0
9659,5.0
9660,1.0
9661,1.0
9662,5.0
9663,4.0
9664,4.0
9665,3.0
9666,5.0
9667,4.0
9668,3.0
9669,3.0
9670,4.0
9671,3.0
9672,2.0
9673,3.0
9674,2.0
9675,4.0
9676,4.0
9677,2.0
9678,3.0
9679,3.0
9680,5.0
9681,5.0
9682,3.0
9683,2.0
9684,4.0
9685,5.0
9686,4.0
9687,2.0
9688,4.0
9689,4.0
9690,3.0
9691,3.0
9692,4.0
9693,4.0
9694,0.0
9695,1.0
9696,2.0
9697,5.0
9698,3.0
9699,4.0
9700,2.0
9701,4.0
9702,3.0
9703,4.0
9704,1.0
9705,3.0
9706,3.0
9707,3.0
9708,4.0
9709,3.0
9710,5.0
9711,4.0
9712,4.0
9713,4.0
9714,3.0
9715,4.0
9716,4.0
9717,3.0
9718,4.0
9719,2.0
9720,3.0
9721,2.0
9722,3.0
9723,4.0
9724,4.0
9725,4.0
9726,1.0
9727,3.0
9728,4.0
9729,2.0
9730,4.0
9731,4.0
9732,4.0
9733,3.0
9734,0.0
9735,3.0
9736,3.0
9737,2.0
9738,2.0
9739,3.0
9740,4.0
9741,3.0
9742,2.0
9743,4.0
9744,2.0
9745,2.0
9746,3.0
9747,3.0
9748,4.0
9749,4.0
9750,3.0
9751,3.0
9752,2.0
9753,4.0
9754,3.0
9755,2.0
9756,2.0
9757,3.0
9758,3.0
9759,2.0
9760,3.0
9761,2.0
9762,3.0
9763,4.0
9764,2.0
9765,4.0
9766,3.0
9767,2.0
9768,3.0
9769,4.0
9770,5.0
9771,3.0
9772,2.0
9773,3.0
9774,2.0
9775,3.0
9776,3.0
9777,2.0
9778,2.0
9779,3.0
9780,3.0
9781,3.0
9782,3.0
9783,3.0
9784,5.0
9785,2.0
9786,3.0
9787,3.0
9788,2.0
9789,3.0
9790,3.0
9791,3.0
9792,4.0
9793,1.0
9794,4.0
9795,4.0
9796,5.0
9797,3.0
9798,2.0
9799,3.0
9800,5.0
9801,3.0
9802,3.0
9803,3.0
9804,3.0
9805,2.0
9806,2.0
9807,4.0
9808,2.0
9809,5.0
9810,4.0
9811,5.0
9812,3.0
9813,4.0
9814,3.0
9815,3.0
9816,2.0
9817,4.0
9818,2.0
9819,2.0
9820,3.0
9821,4.0
9822,4.0
9823,1.0
9824,4.0
9825,1.0
9826,1.0
9827,2.0
9828,2.0
9829,3.0
9830,1.0
9831,3.0
9832,3.0
9833,5.0
9834,1.0
9835,3.0
9836,4.0
9837,3.0
9838,3.0
9839,3.0
9840,3.0
9841,3.0
9842,3.0
9843,3.0
9844,2.0
9845,3.0
9846,3.0
9847,5.0
9848,5.0
9849,1.0
9850,3.0
9851,4.0
9852,4.0
9853,5.0
9854,4.0
9855,4.0
9856,4.0
9857,3.0
9858,4.0
9859,3.0
9860,3.0
9861,3.0
9862,4.0
9863,3.0
9864,1.0
9865,3.0
9866,2.0
9867,5.0
9868,4.0
9869,0.0
9870,1.0
9871,4.0
9872,2.0
9873,4.0
9874,1.0
9875,4.0
9876,3.0
9877,4.0
9878,3.0
9879,5.0
9880,1.0
9881,4.0
9882,1.0
9883,2.0
9884,1.0
9885,4.0
9886,3.0
9887,5.0
9888,2.0
9889,3.0
9890,2.0
9891,4.0
9892,1.0
9893,3.0
9894,2.0
9895,4.0
9896,2.0
9897,2.0
9898,2.0
9899,3.0
9900,2.0
9901,4.0
9902,3.0
9903,3.0
9904,5.0
9905,3.0
9906,3.0
9907,4.0
9908,5.0
9909,2.0
9910,4.0
9911,4.0
9912,3.0
9913,1.0
9914,5.0
9915,4.0
9916,2.0
9917,5.0
9918,3.0
9919,3.0
9920,2.0
9921,3.0
9922,2.0
9923,4.0
9924,2.0
9925,3.0
9926,4.0
9927,3.0
9928,5.0
9929,4.0
9930,3.0
9931,4.0
9932,4.0
9933,1.0
9934,4.0
9935,4.0
9936,4.0
9937,2.0
9938,5.0
9939,2.0
9940,4.0
9941,1.0
9942,4.0
9943,3.0
9944,4.0
9945,4.0
9946,2.0
9947,3.0
9948,3.0
9949,3.0
9950,3.0
9951,4.0
9952,3.0
9953,4.0
9954,0.0
9955,4.0
9956,3.0
9957,3.0
9958,3.0
9959,5.0
9960,4.0
9961,4.0
9962,3.0
9963,4.0
9964,2.0
9965,4.0
9966,5.0
9967,2.0
9968,2.0
9969,2.0
9970,5.0
9971,2.0
9972,4.0
9973,1.0
9974,3.0
9975,5.0
9976,2.0
9977,4.0
9978,4.0
9979,3.0
9980,0.0
9981,3.0
9982,2.0
9983,2.0
9984,4.0
9985,3.0
9986,3.0
9987,5.0
9988,3.0
9989,5.0
9990,4.0
9991,4.0
9992,3.0
9993,3.0
9994,5.0
9995,2.0
9996,2.0
9997,4.0
9998,3.0
9999,4.0
